<?xml version="1.0" encoding="UTF-8" ?>
<XMLDB PATH="mod/snakuiz/db" VERSION="20101203" COMMENT="XMLDB file for Moodle mod/snakuiz"
    xmlns:xsi="http://www.w3.org/2001/XMLSchema-instance"
    xsi:noNamespaceSchemaLocation="../../../lib/xmldb/xmldb.xsd"
>
  <TABLES>
    <TABLE NAME="snakuiz" COMMENT="Default comment for snakuiz, please edit me">
      <FIELDS>
        <FIELD NAME="id" TYPE="int" LENGTH="10" NOTNULL="true" UNSIGNED="true" SEQUENCE="true" NEXT="course"/>
        <FIELD NAME="course" TYPE="int" LENGTH="10" NOTNULL="true" UNSIGNED="true" SEQUENCE="false" COMMENT="Course snakuiz activity belongs to" PREVIOUS="id" NEXT="name"/>
        <FIELD NAME="name" TYPE="char" LENGTH="255" NOTNULL="true" SEQUENCE="false" COMMENT="name field for moodle instances" PREVIOUS="course" NEXT="intro"/>
        <FIELD NAME="intro" TYPE="text" LENGTH="big" NOTNULL="false" SEQUENCE="false" COMMENT="General introduction of the snakuiz activity" PREVIOUS="name" NEXT="startinglevel"/>
	<FIELD NAME="startinglevel" TYPE="int" LENGTH="10" NOTNULL="true" SEQUENCE="false" COMMENT="Starting level game (1-10)" PREVIOUS="intro" NEXT="numberquestions"/>
	<FIELD NAME="numberquestions" TYPE="int" LENGTH="10" NOTNULL="true" SEQUENCE="false" COMMENT="" PREVIOUS="startinglevel" NEXT="sourcequestions"/>
        <FIELD NAME="sourcequestions" TYPE="char" LENGTH="255" NOTNULL="true" SEQUENCE="false" COMMENT="" PREVIOUS="numberquestions" NEXT="typequestions" />
	<FIELD NAME="typequestions" TYPE="char" LENGTH="255" NOTNULL="true" SEQUENCE="false" COMMENT="" PREVIOUS="sourcequestions" NEXT="questioncategoryid"/>
        <FIELD NAME="questioncategoryid" TYPE="char" LENGTH="255" NOTNULL="false" SEQUENCE="false" COMMENT="" PREVIOUS="typequestions" NEXT="introformat"/>
  <FIELD NAME="glossaryid" TYPE="int" LENGTH="10" NOTNULL="false" SEQUENCE="false" COMMENT="" PREVIOUS="questioncategoryid" NEXT="introformat"/>
	<FIELD NAME="introformat" TYPE="int" LENGTH="4" NOTNULL="true" UNSIGNED="true" DEFAULT="0" SEQUENCE="false" COMMENT="Format of the intro field (MOODLE, HTML, MARKDOWN...)" PREVIOUS="sourcequestions" NEXT="timecreated"/>
        <FIELD NAME="timecreated" TYPE="int" LENGTH="10" NOTNULL="true" UNSIGNED="true" SEQUENCE="false" PREVIOUS="introformat" NEXT="timemodified"/>
        <FIELD NAME="timemodified" TYPE="int" LENGTH="10" NOTNULL="true" UNSIGNED="true" DEFAULT="0" SEQUENCE="false" PREVIOUS="timecreated"/>
        
      </FIELDS>
      <KEYS>
        <KEY NAME="primary" TYPE="primary" FIELDS="id"/>
      </KEYS>
      <INDEXES>
        <INDEX NAME="course" UNIQUE="false" FIELDS="course"/>
      </INDEXES>
    </TABLE>
  </TABLES>
</XMLDB>
