<?xml version="1.0" encoding="UTF-8" ?>
<XMLDB PATH="mod/snakuiz/db" VERSION="20101203" COMMENT="XMLDB file for Moodle mod/snakuiz"
    xmlns:xsi="http://www.w3.org/2001/XMLSchema-instance"
    xsi:noNamespaceSchemaLocation="../../../lib/xmldb/xmldb.xsd"
>
  <TABLES>
    <TABLE NAME="snakuiz" COMMENT="Default comment for snakuiz, please edit me">
      <FIELDS>
        <FIELD NAME="id" TYPE="int" LENGTH="10" NOTNULL="true" UNSIGNED="true" SEQUENCE="true" NEXT="course"/>
        <FIELD NAME="course" TYPE="int" LENGTH="10" NOTNULL="true" UNSIGNED="true" SEQUENCE="false" COMMENT="Course snakuiz activity belongs to" PREVIOUS="id" NEXT="name"/>
        <FIELD NAME="name" TYPE="char" LENGTH="255" NOTNULL="true" SEQUENCE="false" COMMENT="name field for moodle instances" PREVIOUS="course" NEXT="intro"/>
        <FIELD NAME="intro" TYPE="text" LENGTH="big" NOTNULL="false" SEQUENCE="false" COMMENT="General introduction of the snakuiz activity" PREVIOUS="name" NEXT="startinglevel"/>
	      <FIELD NAME="startinglevel" TYPE="int" LENGTH="2" NOTNULL="true" SEQUENCE="false" COMMENT="Starting level game (1-10)" PREVIOUS="intro" NEXT="numberquestions"/>
	      <FIELD NAME="numberquestions" TYPE="int" LENGTH="4" NOTNULL="true" SEQUENCE="false" COMMENT="" PREVIOUS="startinglevel" NEXT="sourcequestions"/>
        <FIELD NAME="sourcequestions" TYPE="char" LENGTH="255" NOTNULL="true" SEQUENCE="false" COMMENT="" PREVIOUS="numberquestions" NEXT="typequestions" />
	      <FIELD NAME="typequestions" TYPE="char" LENGTH="255" NOTNULL="true" SEQUENCE="false" COMMENT="" PREVIOUS="sourcequestions" NEXT="questioncategoryid"/>
        <FIELD NAME="questioncategoryid" TYPE="char" LENGTH="255" NOTNULL="false" SEQUENCE="false" COMMENT="" PREVIOUS="typequestions" NEXT="introformat"/>
        <FIELD NAME="glossaryid" TYPE="int" LENGTH="4" NOTNULL="false" SEQUENCE="false" COMMENT="" PREVIOUS="questioncategoryid" NEXT="introformat"/>
	      <FIELD NAME="introformat" TYPE="int" LENGTH="4" NOTNULL="true" UNSIGNED="true" DEFAULT="0" SEQUENCE="false" COMMENT="Format of the intro field (MOODLE, HTML, MARKDOWN...)" PREVIOUS="sourcequestions" NEXT="timecreated"/>
        <FIELD NAME="timecreated" TYPE="int" LENGTH="10" NOTNULL="true" UNSIGNED="true" SEQUENCE="false" PREVIOUS="introformat" NEXT="timemodified"/>
        <FIELD NAME="timemodified" TYPE="int" LENGTH="10" NOTNULL="true" UNSIGNED="true" DEFAULT="0" SEQUENCE="false" PREVIOUS="timecreated"/>        
      </FIELDS>
      <KEYS>
        <KEY NAME="primary" TYPE="primary" FIELDS="id"/>
      </KEYS>
      <INDEXES>
        <INDEX NAME="course" UNIQUE="false" FIELDS="course"/>
      </INDEXES>
    </TABLE>
    <TABLE NAME="snakuiz_scores" COMMENT="Contiene los datos en el desempeño de una jugada">
     <FIELDS>
        <FIELD NAME="id" TYPE="int" LENGTH="10" NOTNULL="true" UNSIGNED="true" SEQUENCE="true" NEXT="moduleid"/>
        <FIELD NAME="moduleid" TYPE="int" LENGTH="10" NOTNULL="true" UNSIGNED="true" SEQUENCE="false" COMMENT="Module Identifier" PREVIOUS="id" NEXT="userid"/>
        <FIELD NAME="userid" TYPE="int" LENGTH="10" NOTNULL="true" SEQUENCE="false" COMMENT="User Identifier" PREVIOUS="moduleid" NEXT="score"/>
        <FIELD NAME="score" TYPE="int" LENGTH="4" NOTNULL="true" UNSIGNED="true" DEFAULT="0" SEQUENCE="false" COMMENT="Puntuación Final (Quiz + Manzanas) del usuario registrado" PREVIOUS="userid" NEXT="numlives"/>       
        <FIELD NAME="numlives" TYPE="int" LENGTH="2" NOTNULL="false" SEQUENCE="false" COMMENT="Número de vidas sobrantes" PREVIOUS="score" NEXT="goodanswers"/>
        <FIELD NAME="goodanswers" TYPE="int" LENGTH="4" NOTNULL="true" SEQUENCE="false" COMMENT="Número de Preguntas acertadas" PREVIOUS="numlives" NEXT="badanswers"/>
        <FIELD NAME="badanswers" TYPE="int" LENGTH="4" NOTNULL="true" SEQUENCE="false" COMMENT="Número de Preguntas fallidas" PREVIOUS="goodanswers" NEXT="foodeaten"/>
        <FIELD NAME="foodeaten" TYPE="int" LENGTH="4" NOTNULL="true" SEQUENCE="false" COMMENT="Cantidad de fruta (manzanas) comidas" PREVIOUS="badanswers" NEXT="timeplayed"/>       
        <FIELD NAME="timeplayed" TYPE="int" LENGTH="10" NOTNULL="true" UNSIGNED="true" SEQUENCE="false" COMMENT="Cantidad de fruta (manzanas) comidas" PREVIOUS="foodeaten" NEXT="timecreated"/>  
        <FIELD NAME="timecreated" TYPE="int" LENGTH="10" NOTNULL="true" UNSIGNED="true" SEQUENCE="false" PREVIOUS="timeplayed"/>      
      </FIELDS>
      <KEYS>
        <KEY NAME="primary" TYPE="primary" FIELDS="id"/>
      </KEYS>
      <INDEXES>
        <INDEX NAME="moduleid" UNIQUE="false" FIELDS="moduleid"/>
        <INDEX NAME="userid" UNIQUE="false" FIELDS="userid"/>
      </INDEXES>
    </TABLE>
    <TABLE NAME="snakuiz_settings" COMMENT="Default comment for snakuiz, please edit me">
      <FIELDS>
        <FIELD NAME="id" TYPE="int" LENGTH="10" NOTNULL="true" UNSIGNED="true" SEQUENCE="true" NEXT="sessionid"/>
        <FIELD NAME="sessionid" TYPE="int" LENGTH="10" NOTNULL="true" UNSIGNED="true" SEQUENCE="false" COMMENT="Identificador de la jugada (corresponde con el id de la tabla snakuiz_scores)" PREVIOUS="id" NEXT="startinglevel"/>   
        <FIELD NAME="startinglevel" TYPE="int" LENGTH="2" NOTNULL="false" SEQUENCE="false" COMMENT="Starting level game (1-10)" PREVIOUS="sessionid" NEXT="numberquestions"/>
        <FIELD NAME="numberquestions" TYPE="int" LENGTH="4" NOTNULL="false" SEQUENCE="false" COMMENT="" PREVIOUS="startinglevel" NEXT="sourcequestions"/>
        <FIELD NAME="sourcequestions" TYPE="char" LENGTH="255" NOTNULL="false" SEQUENCE="false" COMMENT="" PREVIOUS="numberquestions" NEXT="typequestions" />
        <FIELD NAME="typequestions" TYPE="char" LENGTH="255" NOTNULL="false" SEQUENCE="false" COMMENT="" PREVIOUS="sourcequestions" NEXT="questioncategoryid"/>
        <FIELD NAME="questioncategoryid" TYPE="int" LENGTH="4" NOTNULL="false" SEQUENCE="false" COMMENT="" PREVIOUS="typequestions" NEXT="glossaryid"/>
        <FIELD NAME="glossaryid" TYPE="int" LENGTH="4" NOTNULL="false" SEQUENCE="false" COMMENT="" PREVIOUS="questioncategoryid"/>
      </FIELDS>
      <KEYS>
        <KEY NAME="primary" TYPE="primary" FIELDS="id"/>
      </KEYS>
      <INDEXES>
        <INDEX NAME="sessionid" UNIQUE="true" FIELDS="sessionid"/>
      </INDEXES>
    </TABLE>
  </TABLES>
</XMLDB>
