<?xml version="1.0" encoding="UTF-8"?>
<preguntas>
	<pregunta>
		<preguntatexto>¿Cuál es el anterio al vigésimo sexto?
		</preguntatexto>
		<respuesta>
			vigésimo quinto
		</respuesta>
		<categoria>
			A
		</categoria>
	</pregunta>

	<pregunta>
		<preguntatexto>¿Qué nombre se le da al número de ejemplares que publicar un periódico?
		</preguntatexto>
		<respuesta>
			Tirada
		</respuesta>
		<categoria>
			A
		</categoria>
	</pregunta>

	<pregunta>
		<preguntatexto>¿Quién construyó el primer telescopio?
		</preguntatexto>
		<respuesta>
			Galileo
		</respuesta>
		<categoria>
			A
		</categoria>
	</pregunta>

	<pregunta>
		<preguntatexto>¿De qué clase es la palabra "dátil", según su acento?
		</preguntatexto>
		<respuesta>
			Llana
		</respuesta>
		<categoria>
			A
		</categoria>
	</pregunta>

	<pregunta>
		<preguntatexto>¿Què nombre recibe el triángulo que tiene sus tres lados iguales ?
		</preguntatexto>
		<respuesta>
			Equilátero
		</respuesta>
		<categoria>
			A
		</categoria>
	</pregunta>

	<pregunta>
		<preguntatexto>¿De cuántas provincias se compon la Comunidad de Galicia?
		</preguntatexto>
		<respuesta>
			 De cuatro 
		</respuesta>
		<categoria>
			A
		</categoria>
	</pregunta>

	<pregunta>
		<preguntatexto>¿En qué ciudad se celebran los Sanfermines?
		</preguntatexto>
		<respuesta>
			En Pamplona
		</respuesta>
		<categoria>
			A
		</categoria>
	</pregunta>

	<pregunta>
		<preguntatexto>¿Cuánto es 230 x 100?
		</preguntatexto>
		<respuesta>
			23000
		</respuesta>
		<categoria>
			A
		</categoria>
	</pregunta>

	<pregunta>
		<preguntatexto>¿Dónde crees que es más fácil construir caterretas, en Cantabria o en Extremadura?
		</preguntatexto>
		<respuesta>
			En extremadura
		</respuesta>
		<categoria>
			A
		</categoria>
	</pregunta>

	<pregunta>
		<preguntatexto>¿De qué esta compuesta una cadena?
		</preguntatexto>
		<respuesta>
			De estabones
		</respuesta>
		<categoria>
			A
		</categoria>
	</pregunta>

	<pregunta>
		<preguntatexto>¿Cuánto es 3.2 x 100?
		</preguntatexto>
		<respuesta>
			320
		</respuesta>
		<categoria>
			A
		</categoria>
	</pregunta>

	<pregunta>
		<preguntatexto>¿Qué es la palabra más importante del predicado?
		</preguntatexto>
		<respuesta>
			verbo
		</respuesta>
		<categoria>
			A
		</categoria>
	</pregunta>

	<pregunta>
		<preguntatexto>¿Cuántos kilos hay en una tonelada?
		</preguntatexto>
		<respuesta>
			Mil Kilos
		</respuesta>
		<categoria>
			A
		</categoria>
	</pregunta>

	<pregunta>
		<preguntatexto>¿Sabes cuales son los dos principales productos que se obtienen de la bovina?
		</preguntatexto>
		<respuesta>
			Leche y carne
		</respuesta>
		<categoria>
			A
		</categoria>
	</pregunta>

	<pregunta>
		<preguntatexto>¿A qué rey hacían honor los caballeros de la Tabla Redonda?
		</preguntatexto>
		<respuesta>
			Al rey Arturo
		</respuesta>
		<categoria>
			A
		</categoria>
	</pregunta>

	<pregunta>
		<preguntatexto>¿Qué animal cambia fácilmente de color?
		</preguntatexto>
		<respuesta>
			El camaleón
		</respuesta>
		<categoria>
			A
		</categoria>
	</pregunta>

	<pregunta>
		<preguntatexto>¿Qué famosa marcade coches deportivos tiene en su escudo un caballero?
		</preguntatexto>
		<respuesta>
			Ferrari
		</respuesta>
		<categoria>
			A
		</categoria>
	</pregunta>

	<pregunta>
		<preguntatexto>¿Cuánto hay que restar a 3 décimas, para obtener 3 centésimas?
		</preguntatexto>
		<respuesta>
			27 centésimas
		</respuesta>
		<categoria>
			A
		</categoria>
	</pregunta>

	<pregunta>
		<preguntatexto>¿Cuál es el mayor enemigo de Peter Pan?
		</preguntatexto>
		<respuesta>
			El Capitán Hook
		</respuesta>
		<categoria>
			A
		</categoria>
	</pregunta>

	<pregunta>
		<preguntatexto>¿A què animal ibérico le tenía un especial cariño Félix Rodriguez de la Fuente?
		</preguntatexto>
		<respuesta>
			Al lobo
		</respuesta>
		<categoria>
			A
		</categoria>
	</pregunta>

	<pregunta>
		<preguntatexto>¿Qué es más pesado un litro de aceite o un litro de agua?
		</preguntatexto>
		<respuesta>
			un litro de agua
		</respuesta>
		<categoria>
			A
		</categoria>
	</pregunta>

	<pregunta>
		<preguntatexto>¿Qué le pasa a una rana que se le seca la piel?
		</preguntatexto>
		<respuesta>
			Muere por no poder respirar
		</respuesta>
		<categoria>
			A
		</categoria>
	</pregunta>

	<pregunta>
		<preguntatexto>¿De que río importante es afluente de Esla?
		</preguntatexto>
		<respuesta>
			Del río Duero
		</respuesta>
		<categoria>
			A
		</categoria>
	</pregunta>

	<pregunta>
		<preguntatexto>¿Cómo se escribe la palabra "tomaba" con "b" o con "v"?
		</preguntatexto>
		<respuesta>
			Con "b"
		</respuesta>
		<categoria>
			A
		</categoria>
	</pregunta>

	<pregunta>
		<preguntatexto>¿Qué elementos de la sangre son los encargados de taponar las heridas?
		</preguntatexto>
		<respuesta>
			Las plaquetas
		</respuesta>
		<categoria>
			A
		</categoria>
	</pregunta>

	<pregunta>
		<preguntatexto>¿Qué significa "cuadrúpedo"?
		</preguntatexto>
		<respuesta>
			¿Qué tiene cuatro patas
		</respuesta>
		<categoria>
			A
		</categoria>
	</pregunta>

	<pregunta>
		<preguntatexto>¿Como podemos llamar a un suelo donde la vegetación nace y se desallora bien?
		</preguntatexto>
		<respuesta>
			suelo fértil
		</respuesta>
		<categoria>
			A
		</categoria>
	</pregunta>

	<pregunta>
		<preguntatexto>Oro parece, plata no es ¿qué es?
		</preguntatexto>
		<respuesta>
			Plátano
		</respuesta>
		<categoria>
			A
		</categoria>
	</pregunta>

	<pregunta>
		<preguntatexto>¿Qué dos archipiélagos tiene el territorio español?
		</preguntatexto>
		<respuesta>
			Balear y Canario
		</respuesta>
		<categoria>
			A
		</categoria>
	</pregunta>

	<pregunta>
		<preguntatexto>¿Para qué se usaban las pirámides de Egipto?
		</preguntatexto>
		<respuesta>
			Tumbas de Faraones
		</respuesta>
		<categoria>
			A
		</categoria>
	</pregunta>

	<pregunta>
		<preguntatexto>¿Cuál es la sexta nota de la escala musical?
		</preguntatexto>
		<respuesta>
			La
		</respuesta>
		<categoria>
			A
		</categoria>
	</pregunta>

	<pregunta>
		<preguntatexto>¿Qué distancia se recorre en una carreta de "maratón"?
		</preguntatexto>
		<respuesta>
			42km.195m
		</respuesta>
		<categoria>
			A
		</categoria>
	</pregunta>

	<pregunta>
		<preguntatexto>¿De qué llanarías un barril para que pese menos?
		</preguntatexto>
		<respuesta>
			De agujeros
		</respuesta>
		<categoria>
			A
		</categoria>
	</pregunta>

	<pregunta>
		<preguntatexto>¿Qu´nombre recibe la cría de la perdiz?
		</preguntatexto>
		<respuesta>
			Perdigón
		</respuesta>
		<categoria>
			A
		</categoria>
	</pregunta>

	<pregunta>
		<preguntatexto>¿Quién fundó la compañia teatral "Els Joglars"?
		</preguntatexto>
		<respuesta>
			Albert Boadella
		</respuesta>
		<categoria>
			R
		</categoria>
	</pregunta>

	<pregunta>
		<preguntatexto>¿En qué año se presento por primera vez Julio Anguita a las elecciones generales en España?
		</preguntatexto>
		<respuesta>
			1.989
		</respuesta>
		<categoria>
			R
		</categoria>
	</pregunta>

	<pregunta>
		<preguntatexto>¿Qué atleta español consiguió la medalla de bronce en la prueba de 1.500mk en los Angeles 84?
		</preguntatexto>
		<respuesta>
			José Manuel Abascal
		</respuesta>
		<categoria>
			R
		</categoria>
	</pregunta>

	<pregunta>
		<preguntatexto>¿cómo se llaman las reacciones de descomposición química producidas por la corriente?
		</preguntatexto>
		<respuesta>
			Electrolisis
		</respuesta>
		<categoria>
			R
		</categoria>
	</pregunta>

	<pregunta>
		<preguntatexto>¿Cuál es la unidad de caraga eléctica en el sistema internacional?
		</preguntatexto>
		<respuesta>
			Culombio
		</respuesta>
		<categoria>
			R
		</categoria>
	</pregunta> 

	<pregunta>
		<preguntatexto>¿Qué otro nombre reciben los movimientos sismicos ?
		</preguntatexto>
		<respuesta>
			Seismos o terremotos 
		</respuesta>
		<categoria>
			L
		</categoria>
	</pregunta>

	<pregunta>
		<preguntatexto>¿Cuál es el pico más alto de los Alpes?
		</preguntatexto>
		<respuesta>
			El mont Blanc
		</respuesta>
		<categoria>
			L
		</categoria>
	</pregunta>

	<pregunta>
		<preguntatexto>¿Sabes de que color es el ébano?
		</preguntatexto>
		<respuesta>
			Negro
		</respuesta>
		<categoria>
			L
		</categoria>
	</pregunta>

	<pregunta>
		<preguntatexto>¿Qué nombre recibe el que siente aversion a las mujeres?
		</preguntatexto>
		<respuesta>
			Misógino
		</respuesta>
		<categoria>
			L
		</categoria>
	</pregunta>

	<pregunta>
		<preguntatexto>¿Qué clima predomina en el sur  de Europa?
		</preguntatexto>
		<respuesta>
			Clima mediterráneo
		</respuesta>
		<categoria>
			L
		</categoria>
	</pregunta>

	<pregunta>
		<preguntatexto>¿Cómo se llaman las ondas de radio?
		</preguntatexto>
		<respuesta>
		Ondas hertzianas	
		</respuesta>
		<categoria>
			L
		</categoria>
	</pregunta>

	<pregunta>
		<preguntatexto>¿Cómo se llama a la empresa que publica libros?
		</preguntatexto>
		<respuesta>
			Editorial
		</respuesta>
		<categoria>
			L
		</categoria>
	</pregunta>

	<pregunta>
		<preguntatexto>¿Cuál es el anteperíodo del decimal 0,4353535...?
		</preguntatexto>
		<respuesta>
			4
		</respuesta>
		<categoria>
			L
		</categoria>
	</pregunta>

	<pregunta>
		<preguntatexto>¿Sabes cuál es el elemento fundamental en la composición d los seres vivos?
		</preguntatexto>
		<respuesta>
			El carbono
		</respuesta>
		<categoria>
			L
		</categoria>
	</pregunta>

	<pregunta>
		<preguntatexto>¿Qué son las palabras "amateur", "show"?
		</preguntatexto>
		<respuesta>
			Extranjerismos
		</respuesta>
		<categoria>
			L
		</categoria>
</pregunta>
		<pregunta>
		<preguntatexto>¿Qué clase de enlace mantiene unidos al sodio y al cloro?
		</preguntatexto>
		<respuesta>
			El enlace iónico
		</respuesta>
		<categoria>
			L
		</categoria>

	</pregunta>

	<pregunta>
		<preguntatexto>
			¿DE cuántos aspectos trata un tema monográfico?
		</preguntatexto>
		<respuesta>
			DE uno
		</respuesta>
		<categoria>
			L
		</categoria>
	</pregunta><pregunta>
		<preguntatexto>
			¿Cuánto mide el lado de un cuadrado que tiene 25 m2?
		</preguntatexto>
		<respuesta>
			5 m
		</respuesta>
		<categoria>
			l
		</categoria>
	</pregunta><pregunta>
		<preguntatexto>
			¿Qué peculiaridad física tiene el baricentro de un triángulo?
		</preguntatexto>
		<respuesta>
			Es su centro de gravedad
		</respuesta>
		<categoria>
			L
		</categoria>
	</pregunta>
	<pregunta>
		<preguntatexto>
			¿Sabes en qué comunidad autónoma nace el río Ebro?
		</preguntatexto>
		<respuesta>
			Cantabria
		</respuesta>
		<categoria>
			A
		</categoria>
	</pregunta>

	<pregunta>
		<preguntatexto>
			¿Sabrías decir cual es el antónimo de apagar?
		</preguntatexto>
		<respuesta>
			Encender
		</respuesta>
		<categoria>
			A
		</categoria>
	</pregunta>

	<pregunta>
		<preguntatexto>
			¿Qué fracción es menor, 1/2 o 2/4?
		</preguntatexto>
		<respuesta>
			Son iguales
		</respuesta>
		<categoria>
			A
		</categoria>
	</pregunta>
			
	<pregunta>
		<preguntatexto>
			¿Qué nombre recibe la energía que recibimos del viento?
		</preguntatexto>
		<respuesta>
			Energía eólica
		</respuesta>
		<categoria>
			A
		</categoria>
	</pregunta>

	<pregunta>
		<preguntatexto>
		¿Qué animal mítico con alas echaba fuego por la boca?
		</preguntatexto>
		<respuesta>
			El Dragón
		</respuesta>
		<categoria>
			A
		</categoria>
	</pregunta>

	<pregunta>
		<preguntatexto>
			¿Qué tipo de palabra es "chocolate" según su número de sílabas?
		</preguntatexto>
		<respuesta>
			Polisílaba
		</respuesta>
		<categoria>
			A
		</categoria>
	</pregunta>

	<pregunta>
		<preguntatexto>
			Si cortamos 4/6 de un queso, ¿cuanto queda?
		</preguntatexto>
		<respuesta>
			2/6
		</respuesta>
		<categoria>
			A
		</categoria>
	</pregunta>
			
	<pregunta>
		<preguntatexto>
			¿Qué sentido utilizamos para recibir las vibraciones del sonido?
		</preguntatexto>
		<respuesta>
			El oído
		</respuesta>
		<categoria>
			A
		</categoria>
	</pregunta>

	<pregunta>
		<preguntatexto>
			¿Cuantas cuerdas tiene una guitarra?
		</preguntatexto>
		<respuesta>
			Seis
		</respuesta>
		<categoria>
			A
		</categoria>
	</pregunta>

	<pregunta>
		<preguntatexto>
			¿En qué edad prehistorica situarías el principio de la utilizacion del bronce?
		</preguntatexto>
		<respuesta>
			Edad de los Metales
		</respuesta>
		<categoria>
			A
		</categoria>
	</pregunta>

	<pregunta>
		<preguntatexto>
			¿Qué nombre reciben las máquina que producen electricidad?
		</preguntatexto>
		<respuesta>
			Generadores eléctricos
		</respuesta>
		<categoria>
			A
		</categoria>
	</pregunta>

	<pregunta>
		<preguntatexto>
			¿A qué archipielago pertenece Fuerteventura?
		</preguntatexto>
		<respuesta>
			Canarias
		</respuesta>
		<categoria>
			A
		</categoria>
	</pregunta>

	<pregunta>
		<preguntatexto>
			¿En que tiempo está conjugado el verbo "amais"?
		</preguntatexto>
		<respuesta>
			Presente
		</respuesta>
		<categoria>
			A
		</categoria>
	</pregunta>

	<pregunta>
		<preguntatexto>
			¿cuantas decenas son 4 millares?
		</preguntatexto>
		<respuesta>
			400 decenas
		</respuesta>
		<categoria>
			A
		</categoria>
	</pregunta>

	<pregunta>
		<preguntatexto>
			¿Qué utiliza un reloj de sol para señalar la hora?
		</preguntatexto>
		<respuesta>
			La sombra
		</respuesta>
		<categoria>
			A
		</categoria>
	</pregunta>	
		<pregunta>
		<preguntatexto>
		¿Sabes dónde comenzaron los Juegos Olímpicos?
		</preguntatexto>
		<respuesta>
		En Grecia
		</respuesta>
		<categoria>
		A
		</categoria>
	</pregunta>
	
	<pregunta>
		<preguntatexto>
		¿Qué nombre reciben los terminos de la adicion?
		</preguntatexto>
		<respuesta>
		Sumandos y resultado
		</respuesta>
		<categoria>
		A
		</categoria>
	</pregunta>
	
	<pregunta>
		<preguntatexto>
		¿Cuanto pesa una canica si diez de ellas pesan un total de 83,5 g.?
		</preguntatexto>
		<respuesta>
		8,35g.
		</respuesta>
		<categoria>
		A
		</categoria>
	</pregunta>
	
	<pregunta>
		<preguntatexto>
		¿Sabrias decir donde nace el rio Duero?
		</preguntatexto>
		<respuesta>
		En los Picos de Urbión
		</respuesta>
		<categoria>
		A
		</categoria>
	</pregunta>
	
	<pregunta>
		<preguntatexto>
		¿De que provincia son los coches que en su matricula aparece "SG"?
		</preguntatexto>
		<respuesta>
		Segovia
		</respuesta>
		<categoria>
		A
		</categoria>
	</pregunta>
	
	<pregunta>
		<preguntatexto>
		¿En que concuerdan el sujeto y el predicado?
		</preguntatexto>
		<respuesta>
		En numero y persona
		</respuesta>
		<categoria>
		A
		</categoria>
	</pregunta>
	
	<pregunta>
		<preguntatexto>
		Si tu amigo decica un cuarto de dia a estudiar, ¿Cuantas horas estudia?
		</preguntatexto>
		<respuesta>
		6 horas
		</respuesta>
		<categoria>
		A
		</categoria>
	</pregunta>
	
	<pregunta>
		<preguntatexto>
		¿Sabes cuantas comunidades autonomas hay en España?
		</preguntatexto>
		<respuesta>
		17
		</respuesta>
		<categoria>
		A
		</categoria>
	</pregunta>
	
	<pregunta>
		<preguntatexto>
		Segun la Biblia, ¿Quién era el compañero de Eva?
		</preguntatexto>
		<respuesta>
		Adan
		</respuesta>
		<categoria>
		A
		</categoria>
	</pregunta>
	
	<pregunta>
		<preguntatexto>
		¿A que numero nos referimos cuando decimos "trigesimo segundo"?
		</preguntatexto>
		<respuesta>
		Al numero 32
		</respuesta>
		<categoria>
		A
		</categoria>
	</pregunta>
	
	<pregunta>
		<preguntatexto>
		¿Que nombre reciben los cuadrilateros que tienen todos sus angulos rectos?
		</preguntatexto>
		<respuesta>
		Rectangulo y cuadrado
		</respuesta>
		<categoria>
		A
		</categoria>
	</pregunta>
	
	<pregunta>
		<preguntatexto>
		¿Que animal tiene nombre de mueble y fiera?
		</preguntatexto>
		<respuesta>
		El camaleon
		</respuesta>
		<categoria>
		A
		</categoria>
	</pregunta>
	
	<pregunta>
		<preguntatexto>
		¿A que conjugacion pertenece al verbo cantar?
		</preguntatexto>
		<respuesta>
		A la primera
		</respuesta>
		<categoria>
		A
		</categoria>
	</pregunta>
	
	<pregunta>
		<preguntatexto>
		¿Con cuantos ceros se escribe un millon y medio?
		</preguntatexto>
		<respuesta>
		Con cinco
		</respuesta>
		<categoria>
		A
		</categoria>
	</pregunta>
	
	<pregunta>
		<preguntatexto>
		¿Como se llama la abeja encargada de poner los huevos en una colmena?
		</preguntatexto>
		<respuesta>
		Abeja reina
		</respuesta>
		<categoria>
		A
		</categoria>
	</pregunta>
	
	<pregunta>
		<preguntatexto>
		¿En que silaba esta el diptongo en la palabra "labio"?
		</preguntatexto>
		<respuesta>
		En la silaba "bio"
		</respuesta>
		<categoria>
		A
		</categoria>
	</pregunta>
	
	<pregunta>
		<preguntatexto>
		¿Que nombre recibe la perpendicular a un segmento que lo corta en su punto medio?
		</preguntatexto>
		<respuesta>
		Mediatriz
		</respuesta>
		<categoria>
		A
		</categoria>
	</pregunta>
	
	<pregunta>
		<preguntatexto>
		¿En que fecha comienza la primavera?
		</preguntatexto>
		<respuesta>
		21 de marzo
		</respuesta>
		<categoria>
		A
		</categoria>
	</pregunta>
	
	<pregunta>
		<preguntatexto>
		¿Como se llaman las celulas sexuales masculinas?
		</preguntatexto>
		<respuesta>
		Espermatozoides
		</respuesta>
		<categoria>
		A
		</categoria>
	</pregunta>
	
	<pregunta>
		<preguntatexto>
		¿A que temperatura hierve el agua?
		</preguntatexto>
		<respuesta>
		A 100º
		</respuesta>
		<categoria>
		A
		</categoria>
	</pregunta>
	
	<pregunta>
		<preguntatexto>
		¿Cuanto mide el perimetro de un triangulo equilatero si su lado mide 2m.?
		</preguntatexto>
		<respuesta>
		6 m.
		</respuesta>
		<categoria>
		A
		</categoria>
	</pregunta>
	
	<pregunta>
		<preguntatexto>
		La guitarra se toca con los dedos de la mano, ¿con que se toca el violin?
		</preguntatexto>
		<respuesta>
		Con el arco
		</respuesta>
		<categoria>
		A
		</categoria>
	</pregunta>
	
	<pregunta>
		<preguntatexto>
		¿En que persona esta conjugado el verbo "regresaré"?
		</preguntatexto>
		<respuesta>
		En primera persona
		</respuesta>
		<categoria>
		A
		</categoria>
	</pregunta>
	
	<pregunta>
		<preguntatexto>
		¿Cual es el cereal empleado para eleborar la cerveza?
		</preguntatexto>
		<respuesta>
		La cebada
		</respuesta>
		<categoria>
		A
		</categoria>
	</pregunta>
	
	<pregunta>
		<preguntatexto>
		¿Como se llama la energia obtenida a partir del uranio?
		</preguntatexto>
		<respuesta>
		Energia nuclear
		</respuesta>
		<categoria>
		A
		</categoria>
	</pregunta>
	
	<pregunta>
		<preguntatexto>
		¿Que vocales forman diptongo en la palabra "saliente"?
		</preguntatexto>
		<respuesta>
		La i y la e
		</respuesta>
		<categoria>
		A
		</categoria>
	</pregunta>
	
	<pregunta>
		<preguntatexto>
		¿Que lugar ocupan las decimas en relacion con la coma?
		</preguntatexto>
		<respuesta>
		El segundo a la derecha
		</respuesta>
		<categoria>
		A
		</categoria>
	</pregunta>
	
	<pregunta>
		<preguntatexto>
		¿Que organos del cuerpo humano destruye la tuberculosis?
		</preguntatexto>
		<respuesta>
		Los pulmones
		</respuesta>
		<categoria>
		A
		</categoria>
	</pregunta>
	
	<pregunta>
		<preguntatexto>
		¿Como se llama el famoso palacio arabe que hay en Granada?
		</preguntatexto>
		<respuesta>
		La Alhambra
		</respuesta>
		<categoria>
		A
		</categoria>
	</pregunta>
	
	<pregunta>
		<preguntatexto>
		¿Que hace un taxidermista?
		</preguntatexto>
		<respuesta>
		Disecar animales
		</respuesta>
		<categoria>
		A
		</categoria>
	</pregunta>
	<pregunta>
	<preguntatexto>
		¿Como se llama el Bisonte Americano?
	</preguntatexto>
	<respuesta>
		Bufalo
	</respuesta>
	<categoria>
		A
	</categoria>
    </pregunta>

    <pregunta>
	<preguntatexto>
		¿Cual es la Suma de Todos los Numeros Pares Comprendidos entre el 5 y el 13?
	</preguntatexto>
	<respuesta>
		36
	</respuesta>
	<categoria>
		A
	</categoria>
    </pregunta>

    <pregunta>
	<preguntatexto>
		¿Que se Extrae de los Yacimientos de Asturias?
	</preguntatexto>
	<respuesta>
		Carbon
	</respuesta>
	<categoria>
		A
	</categoria>
    </pregunta>

    <pregunta>
	<preguntatexto>
		¿Que Vocales Forman Diptongo en la Palabra Aliento?
	</preguntatexto>
	<respuesta>
		La I y la E
	</respuesta>
	<categoria>
		A
	</categoria>
    </pregunta>

    <pregunta>
	<preguntatexto>
		¿Que Nombre Recibe el Aeropuerto de Barcelona?
	</preguntatexto>
	<respuesta>
		El Prat
	</respuesta>
	<categoria>
		A
	</categoria>
    </pregunta>

    <pregunta>
	<preguntatexto>
		¿Quien fue el Primer Emperador de Roma?
	</preguntatexto>
	<respuesta>
		Octavio Augusto
	</respuesta>
	<categoria>
		A
	</categoria>
    </pregunta>

    <pregunta>
	<preguntatexto>
		¿Cual es la Ciudad Santa del Islam?
	</preguntatexto>
	<respuesta>
		La Meca
	</respuesta>
	<categoria>
		A
	</categoria>
    </pregunta>

    <pregunta>
	<preguntatexto>
		¿Cuantos Caninos Tiene la Dentadura Humana?
	</preguntatexto>
	<respuesta>
		Cuatro
	</respuesta>
	<categoria>
		A
	</categoria>
    </pregunta>

    <pregunta>
	<preguntatexto>
		¿Que Dos Clases de Fonemas Hay?
	</preguntatexto>
	<respuesta>
		Vocales y Consonantes
	</respuesta>
	<categoria>
		A
	</categoria>
    </pregunta>

    <pregunta>
	<preguntatexto>
		¿Cual es la Torre mas Famosa de Sevilla?
	</preguntatexto>
	<respuesta>
		La Giralda
	</respuesta>
	<categoria>
		A
	</categoria>
    </pregunta>

    <pregunta>
	<preguntatexto>
		¿Cual era el Nombre Originario de Andalucia?
	</preguntatexto>
	<respuesta>
		Al-Andalus
	</respuesta>
	<categoria>
		A
	</categoria>
    </pregunta>

    <pregunta>
	<preguntatexto>
		¿Por Que Conductos sale la Sangre del Corazon?
	</preguntatexto>
	<respuesta>
		Las Arterias
	</respuesta>
	<categoria>
		A
	</categoria>
    </pregunta>

    <pregunta>
	<preguntatexto>
		¿Que Nombre Reciben los Conductos que Unen el Utero con los Ovarios?
	</preguntatexto>
	<respuesta>
		Trompas de Falopio
	</respuesta>
	<categoria>
		A
	</categoria>
    </pregunta>

    <pregunta>
	<preguntatexto>
		¿En que Parte de los Mapas se Suele Colocar el Oeste?
	</preguntatexto>
	<respuesta>
		En la Izquierda
	</respuesta>
	<categoria>
		A
	</categoria>
    </pregunta>

    <pregunta>
	<preguntatexto>
		¿Como se llama a las Tres Formas de Marchar que Tiene un Caballo?
	</preguntatexto>
	<respuesta>
		Paso, Trote y Galope
	</respuesta>
	<categoria>
		A
	</categoria>
    </pregunta>

    <pregunta>
	<preguntatexto>
		¿Que Nombre Reciben las Ramas en que se Divide la Traquea?
	</preguntatexto>
	<respuesta>
		Bronquios
	</respuesta>
	<categoria>
		A
	</categoria>
    </pregunta>

    <pregunta> 
	<preguntatexto>
		¿Por Que Actividad se Conocia a Francisco de Goya?
	</preguntatexto>
	<respuesta>
		Pintura
	</respuesta>
	<categoria>
		A
	</categoria>
    </pregunta>

    <pregunta>
	<preguntatexto>
		¿A Que Conjugacion Pertenece el Verbo Caminar?
	</preguntatexto>
	<respuesta>
		A la Primera
	</respuesta>
	<categoria>
		A
	</categoria>
    </pregunta>

    <pregunta>
	<preguntatexto>
		Que Medio Usa la Radio Para Enviar sus Ondas?
	</preguntatexto>
	<respuesta>
		El Aire
	</respuesta>
	<categoria>
		A
	</categoria>
    </pregunta>

    <pregunta>
	<preguntatexto>
		¿En que Vertiente Española dirias que Sus Rios son Cortos y Poco Caudalosos?
	</preguntatexto>
	<respuesta>
		En la Mediterranea
	</respuesta>
	<categoria>
		A
	</categoria>
    </pregunta>

    <pregunta>
	<preguntatexto>
		¿Que Nombre Recibe la Persona que Anda sobre una Cuerda o Alambre?
	</preguntatexto>
	<respuesta>
		Funambulista
	</respuesta>
	<categoria>
		A
	</categoria>
    </pregunta>

    <pregunta>
	<preguntatexto>
		¿Cual es el Principal Componente del Vidrio?
	</preguntatexto>
	<respuesta>
		El Silicio
	</respuesta>
	<categoria>
		R
	</categoria>
    </pregunta>

    <pregunta>
	<preguntatexto>
		¿Quien Escribio la Obra; "Aires Murcianos"?
	</preguntatexto>
	<respuesta>
		Vicente Medina
	</respuesta>
	<categoria>
		R
	</categoria>
    </pregunta>

    <pregunta>
	<preguntatexto>
		¿A Que Tenor Español se le Realizo un Transplante de Medula?
	</preguntatexto>
	<respuesta>
		Jose Carreras
	</respuesta>
	<categoria>
		R
	</categoria>
	</pregunta>

    <pregunta>
	<preguntatexto>
		¿Que Nombre Reciben los que Muestran Adversion Hacia las Mujeres?
	</preguntatexto>
	<respuesta>
		Misogino
	</respuesta>
	<categoria>
		R
	</categoria>
    </pregunta>

    <pregunta>
	<preguntatexto>
		¿Quien Fundo la Compañia de Jesus en 1540?
	</preguntatexto>
	<respuesta>
		San Ignacio de Loyola
	</respuesta>
	<categoria>
		R
	</categoria>
    </pregunta>

    <pregunta>
	<preguntatexto>
		¿Cual es la Moneda de Israel?
	</preguntatexto>
	<respuesta>
		El Shekel
	</respuesta>
	<categoria>
		R
	</categoria>
    </pregunta>

    <pregunta>
	<preguntatexto>
		¿Quien Enuncio la Celebre Paradoja de Aquiles y la Tortuga?
	</preguntatexto>
	<respuesta>
		Zenon de Elea
	</respuesta>
	<categoria>
		R
	</categoria>
    </pregunta>

    <pregunta>
	<preguntatexto>
		¿En Cual de los Tres Ordenes Arquitectonicos Encontramos la "Flor de Abaco"
	</preguntatexto>
	<respuesta>
		Corintio
	</respuesta>
	<categoria>
		R
	</categoria>
    </pregunta>

    <pregunta>
	<preguntatexto>
		¿Quien Fue la Figura mas Importante del Nacionalismo Italiano?
	</preguntatexto>
	<respuesta>
		Garibaldi
	</respuesta>
	<categoria>
		R
	</categoria>
    </pregunta>

    <pregunta>
	<preguntatexto>
		¿En que Edicto publicado por el Emperador Constantino, se Dio al Libertad al Cristianismo?
	</preguntatexto>
	<respuesta>
		Edicto de Milan
	</respuesta>
	<categoria>
		R
	</categoria>
    </pregunta>

    <pregunta>
	<preguntatexto>
		¿Cual es la Capital de Afganistan?
	</preguntatexto>
	<respuesta>
		Kabul
	</respuesta>
	<categoria>
		R
	</categoria>
    </pregunta>

    <pregunta>
	<preguntatexto>
		¿Quien Compuso las Obra Musical, el Pajaro de fuego?
	</preguntatexto>
	<respuesta>
		Igor Stravinsky
	</respuesta>
	<categoria>
		R
	</categoria>
    </pregunta>
    <pregunta>
	<preguntatexto>
		
		¿cual es el geerundio del verbo "llegar"?
	</preguntatexto>
	<respuesta>
		Llegando
	</respuesta>
	<categoria>
		A
	</categoria>
	</pregunta>

	<pregunta>
	<preguntatexto>
		¿que nombre recibe la ciencia que estudia las monedas?
	</preguntatexto>
	<respuesta>
		Numismástica
	</respuesta>
	<categoria>
		A
	</categoria>
	</pregunta>

	<pregunta>
	<preguntatexto>
		¿Cuántas diagonales tiene un pentágono?
	</preguntatexto>
	<respuesta>
		Cinco
	</respuesta>
	<categoria>
		A
	</categoria>

	</pregunta>

	<pregunta>
	<preguntatexto>
		¿Sabes cuantos pares de patas tiene un aracnido?
	</preguntatexto>
	<respuesta>
		Cuatro
	</respuesta>
	<categoria>
		A
	</categoria>
	</pregunta>

	<pregunta>
	<preguntatexto>
		¿Cuantos jugadores de rugby hay en una melé?
	</preguntatexto>
	<respuesta>
		16, ocho de cada equipo
	</respuesta>
	<categoria>
		A
	</categoria>
	</pregunta>

	<pregunta>
	<preguntatexto>
		¿Cuántos océanos hay en la Tierra?
	</preguntatexto>
	<respuesta>
		Cinco
	</respuesta>
	<categoria>
		A
	</categoria>
	</pregunta>

	<pregunta>
	<preguntatexto>
		¿Qué lugar ocupa la Tierra por su proximidad al sol?
	</preguntatexto>
	<respuesta>
		El tercero
	</respuesta>
	<categoria>
		A
	</categoria>
	</pregunta>

	<pregunta>
	<preguntatexto>
		¿Cuál es la bebida típica de Asturias que se extrae de la manzana?
	</preguntatexto>
	<respuesta>
		La sidra
	</respuesta>
	<categoria>
		A
	</categoria>
	</pregunta>

	<pregunta>
	<preguntatexto>
		¿Cuál es el antónimo de benigno?
	</preguntatexto>
	<respuesta>
		Maligno
	</respuesta>
	<categoria>
		A
	</categoria>
	</pregunta>

	<pregunta>
	<preguntatexto>
		¿Cómo se llama al proceso de purificación de la sangre con un riñón artifical?
	</preguntatexto>
	<respuesta>
		Diálisis
	</respuesta>
	<categoria>
		A
	</categoria>
	</pregunta>

	<pregunta>
	<preguntatexto>
		¿Cuántas horas son 3.600 segundos?
	</preguntatexto>
	<respuesta>
		Una hora
	</respuesta>
	<categoria>
		A
	</categoria>
	</pregunta>

	<pregunta>
	<preguntatexto>
		¿En qué glándulas se produce la saliva?
	</preguntatexto>
	<respuesta>
		En las glándulas salivales
	</respuesta>
	<categoria>
		A
	</categoria>
	</pregunta>

	<pregunta>
	<preguntatexto>
		¿Cuántos días tiene un año bisiesto?
	</preguntatexto>
	<respuesta>
		366 días
	</respuesta>
	<categoria>
		A
	</categoria>
	</pregunta>

	<pregunta>
	<preguntatexto>
		¿Cómo se escribe "general" con "g" o con "j"?
	</preguntatexto>
	<respuesta>
		Con g
	</respuesta>
	<categoria>
		A
	</categoria>
	</pregunta>

	<pregunta>
	<preguntatexto>
		¿en que parte de nuestro cuerpo podemos encontrar marfil?
	</preguntatexto>
	<respuesta>
	</respuesta>
		En los dientes
	<categoria>
		A
	</categoria>
	</pregunta>

	<pregunta>
	<preguntatexto>
		¿Cuál es la falta máxima en un partido de futbol?
	</preguntatexto>
	<respuesta>
		El penalty
	</respuesta>
	<categoria>
		A
	</categoria>
	</pregunta>

	<pregunta>
	<preguntatexto>
		¿En qué tiempo estas el verbo "levantaré", pasado, presente o futuro?
	</preguntatexto>
	<respuesta>
		Futuro
	</respuesta>
	<categoria>
		A
	</categoria>
	</pregunta>

	<pregunta>
	<preguntatexto>
		¿Qué tipo de animal, según su alimentación, dirías que es el jabalí?
	</preguntatexto>
	<respuesta>
		Omnívoro
	</respuesta>
	<categoria>
		A
	</categoria>
	</pregunta>

	<pregunta>
	<preguntatexto>
		¿Sabes a que sector productivo pertenece la agricultura?
	</preguntatexto>
	<respuesta>
		Al primario
	</respuesta>
	<categoria>
		A
	</categoria>
	</pregunta>

	<pregunta>
	<preguntatexto>
		¿Como se llama la parte delantera de un barco?
	</preguntatexto>
	<respuesta>
		Proa
	</respuesta>
	<categoria>
		A
	</categoria>
	</pregunta>

	<pregunta>
	<preguntatexto>
		¿Qué encuentras de común en las cifras: 73, 46, 55, 82?
	</preguntatexto>
	<respuesta>
		Sus numero suman 10
	</respuesta>
	<categoria>
		A
	</categoria>
	</pregunta>

	<pregunta>
	<preguntatexto>
		¿Cuál es el alimento que se le da a los gusanos de seda?
	</preguntatexto>
	<respuesta>
		Hojas de morera
	</respuesta>
	<categoria>
		A
	</categoria>
	</pregunta>

	<pregunta>
	<preguntatexto>
		¿Qué es lo contrario a tristeza?
	</preguntatexto>
	<respuesta>
		Alegría
	</respuesta>
	<categoria>
		A
	</categoria>
	</pregunta>

	<pregunta>
	<preguntatexto>
		¿Qué numero decimal correspondería a la fracción de 25/100?
	</preguntatexto>
	<respuesta>
		0.25
	</respuesta>
	<categoria>
		A
	</categoria>
	</pregunta>

	<pregunta>
	<preguntatexto>
		¿Dirías que son plantas leñosas los arbustos y los árboles?
	</preguntatexto>
	<respuesta>
		Si
	</respuesta>
	<categoria>
		A
	</categoria>
	</pregunta>

	<pregunta>
	<preguntatexto>
		¿Qué nombre recibe la persona entendida o que trabaja con abejas?
	</preguntatexto>
	<respuesta>
		Apicultor
	</respuesta>
	<categoria>
		A
	</categoria>
	</pregunta>

	<pregunta>
	<preguntatexto>
		¿Quién fue el conquistador de Perú?
	</preguntatexto>
	<respuesta>
		Francisco Pizarro
	</respuesta>
	<categoria>
		L
	</categoria>
	</pregunta>

	<pregunta>
	<preguntatexto>
		¿Que nombre reciben los versos de ocho sílabas?
	</preguntatexto>
	<respuesta>
		Octosílabos
	</respuesta>
	<categoria>
		L
	</categoria>
	</pregunta>

	<pregunta>
	<preguntatexto>
		¿Cuál es el satélite natural de la tierra?
	</preguntatexto>
	<respuesta>
		La luna
	</respuesta>
	<categoria>
		A
	</categoria>
	</pregunta>

	<pregunta>
	<preguntatexto>
		¿Sabes qué río es el mas largo de Europa?
	</preguntatexto>
	<respuesta>
		El volga
	</respuesta>
	<categoria>
		L
	</categoria>
	</pregunta>

	<pregunta>
	<preguntatexto>
		¿Cómo se llamaba el caballo del Cid Campeador?
	</preguntatexto>
	<respuesta>
		Babieca
	</respuesta>
	<categoria>
		L
	</categoria>
	</pregunta>

	<pregunta>
	<preguntatexto>
		¿Que forma tienen las caras del dodecaedro?
	</preguntatexto>
	<respuesta>
		Pentágonos
	</respuesta>
	<categoria>
		L
	</categoria>
	</pregunta>

	<pregunta>
	<preguntatexto>
		¿Sabes en qué parte de la sangre se encuentra la hemoglobina?
	</preguntatexto>
	<respuesta>
		En los globulos rojos
	</respuesta>
	<categoria>
		L
	</categoria>
	</pregunta>

	<pregunta>
	<preguntatexto>
		¿Qué nombre recibe la masa molecular expresada en gramos?
	</preguntatexto>
	<respuesta>
		Mol
	</respuesta>
	<categoria>
		L
	</categoria>
	</pregunta>

	<pregunta>
	<preguntatexto>
		¿Sabes que metal se extrae de la galena?
	</preguntatexto>
	<respuesta>
		El plomo
	</respuesta>
	<categoria>
		L
	</categoria>
	</pregunta>

	<pregunta>
	<preguntatexto>
		¿Con qué pseudónimo firmo sus obras el escritor Leopoldo Alas?
	</preguntatexto>
	<respuesta>
		Clarín
	</respuesta>
	<categoria>
		L
	</categoria>
	</pregunta>

	<pregunta>
	<preguntatexto>
		¿Cómo se llama la fracción correspondiente a un decimal periódico?
	</preguntatexto>
	<respuesta>
		Fracción generatriz
	</respuesta>
	<categoria>
		L
	</categoria>
	</pregunta>

	<pregunta>
	<preguntatexto>
		¿Quién fue el artifice de la independecia de Venezuela?
	</preguntatexto>
	<respuesta>
		Simón Bolívar
	</respuesta>
	<categoria>
		L
	</categoria>
	</pregunta>

	<pregunta>
	<preguntatexto>
		¿Qué tiene que preceder a un adverbio para que éste se normalice?
	</preguntatexto>
	<respuesta>
		Un determinante
	</respuesta>
	<categoria>
		L
	</categoria>
	</pregunta>

	<pregunta>
	<preguntatexto>
		¿Qué nombre reciben los movimientos sismicos que se producen en el mar?
	</preguntatexto>
	<respuesta>
		Maremotos
	</respuesta>
	<categoria>
		L
	</categoria>
	</pregunta>

	<pregunta>
	<preguntatexto>
		¿Cómo se llama la persona que recibe un mensaje?
	</preguntatexto>
	<respuesta>
		Receptor
	</respuesta>
	<categoria>
		L
	</categoria>
	</pregunta>

	<pregunta>
	<preguntatexto>
		¿Cuál es el lago navegable más alto del mundo?
	</preguntatexto>
	<respuesta>
		Titicaca
	</respuesta>
	<categoria>
		R
	</categoria>
	</pregunta>

	<pregunta>
	<preguntatexto>
		¿De qué material está construido el instrumento musical llamado Tuba?
	</preguntatexto>
	<respuesta>
		Cobre
	</respuesta>
	<categoria>
		R
	</categoria>
	</pregunta>

	<pregunta>
	<preguntatexto>
		¿Quiénes fueron los pintores mas representativos del Barroco en los Países Bajos?
	</preguntatexto>
	<respuesta>
		Rembrandt y Rubens
	</respuesta>
	<categoria>
		R
	</categoria>
	</pregunta>

	<pregunta>
	<preguntatexto>
		¿Qué estilo musical surgió en los años 50, influenciado por el blues y el country?
	</preguntatexto>
	<respuesta>
		El Rock and Roll
	</respuesta>
	<categoria>
		R
	</categoria>
	</pregunta>

	<pregunta>
	<preguntatexto>
		¿Qué dos naciones se enfrentaron en la guerra de los cien años?
	</preguntatexto>
	<respuesta>
		Francia e Inglaterra
	</respuesta>
	<categoria>
		R
	</categoria>
	</pregunta>

	<pregunta>
	<preguntatexto>
		¿Qué dos modadlidades deportivas componen el "Biathlon"?
	</preguntatexto>
	<respuesta>
		Esquí de fondo y tiro con carabina
	</respuesta>
	<categoria>
		R
	</categoria>
	</pregunta>

	<pregunta>
	<preguntatexto>
		¿Quien pintó "El matrimonio de Arnolfini"?
	</preguntatexto>
	<respuesta>
		Van Eyck
	</respuesta>
	<categoria>
		R
	</categoria>
	</pregunta>

	<pregunta>
	<preguntatexto>
		¿Quién ha sido el máximo goleador español  en la liga BBVA en la temporada 96-97 ?
	</preguntatexto>
	<respuesta>
		Raúl
	</respuesta>
	<categoria>
		R
	</categoria>
	</pregunta>

	<pregunta>
	<preguntatexto>
		¿Cuál es la ciudad mas poblada de Escocia?
	</preguntatexto>
	<respuesta>
		Glasgow
	</respuesta>
	<categoria>
		R
	</categoria>
	</pregunta>

	<pregunta>
	<preguntatexto>
		¿Qué deporte practica Jack Nicklaus?
	</preguntatexto>
	<respuesta>
		El golf
	</respuesta>
	<categoria>
		R
	</categoria>
	</pregunta>

	<pregunta>
	<preguntatexto>
		¿Cuales son los colores de la bandera del Vaticano?
	</preguntatexto>
	<respuesta>
		Blanco y amarillo
	</respuesta>
	<categoria>
		R
	</categoria>
	</pregunta>

	<pregunta>
	<preguntatexto>
		¿Qué alcohol es el utilizado comunmente en farmacia?
	</preguntatexto>
	<respuesta>
		Etanol o alcohol etílico 
	</respuesta>
	<categoria>
		R
	</categoria>
	</pregunta>

	<pregunta>
	<preguntatexto>
		¿Qué nombre reciben los animales de patas articuladas?
	</preguntatexto>
	<respuesta>
		Artrópodos
	</respuesta>
	<categoria>
		R
	</categoria>
	</pregunta>

	<pregunta>
	<preguntatexto>
		¿Qué nombre recibe, en golf, el hoyo conseguido con tres golpes bajo par?
	</preguntatexto>
	<respuesta>
		Albatros
	</respuesta>
	<categoria>
		R
	</categoria>
	</pregunta>
<pregunta>
		<preguntatexto>
			¿Por dónde se oxigenta las planetas?
		</preguntatexto>
		<respuesta>
			Por las hojas
		</respuesta>
		<categoria>
			A
		</categoria>
	</pregunta>

	<pregunta>
		<preguntatexto>
			¿Sabes cómo se llama la ciencia que estudia los hechos del pasado?
		</preguntatexto>
		<respuesta>
			Historia
		</respuesta>
		<categoria>
			A
		</categoria>
	</pregunta>

	<pregunta>
		<preguntatexto>
			¿Cuántas caras tiene un dado?
		</preguntatexto>
		<respuesta>
			6 caras
		</respuesta>
		<categoria>
			A
		</categoria>
	</pregunta>

	<pregunta>
		<preguntatexto>
			¿Qué nombre recibe la vivienda típica de los esquimales?
		</preguntatexto>
		<respuesta>
			Iglú
		</respuesta>
		<categoria>
			A
		</categoria>
	</pregunta>

	<pregunta>
		<preguntatexto>
			¿En qué costa española se encuentra el golfo de Vizcaya?
		</preguntatexto>
		<respuesta>
			cantábrica
		</respuesta>
		<categoria>
			A
		</categoria>
	</pregunta>
	<pregunta>
		<preguntatexto>
			¿Cuánto mide el perimetro de un exágono regulas cujo lado mide 1 m?
		</preguntatexto>
		<respuesta>
			6 metros
		</respuesta>
		<categoria>
			A
		</categoria>
	</pregunta>

	<pregunta>
		<preguntatexto>
			¿Cómo es, según su nímero de silabas la palbra "ternario"?
		</preguntatexto>
		<respuesta>
			Trísilaba
		</respuesta>
		<categoria>
			A
		</categoria>
	</pregunta>

	<pregunta>
		<preguntatexto>
			¿Qué español demostró la circulación pulmonar de la sangre?
		</preguntatexto>
		<respuesta>
			Miguel Servet
		</respuesta>
		<categoria>
			A
		</categoria>
	</pregunta>

	<pregunta>
		<preguntatexto>
			¿Qué nombre reciben las cróas de las ballenas?
		</preguntatexto>
		<respuesta>
			Ballenatos
		</respuesta>
		<categoria>
			A
		</categoria>
	</pregunta>

	<pregunta>
		<preguntatexto>
			¿Qué tipo de energía requiere mayores medidas de seguridad?
		</preguntatexto>
		<respuesta>
			La energía nuclear
		</respuesta>
		<categoria>
			A
		</categoria>
	</pregunta>

	<pregunta>
		<preguntatexto>
			¿Cuál es la cuarta nota musical?
		</preguntatexto>
		<respuesta>
			Fa
		</respuesta>
		<categoria>
			A
		</categoria>
	</pregunta>

	
	<pregunta>
		<preguntatexto>
			¿¿Cuál es el prefijo de la palbra mugido??
		</preguntatexto>
		<respuesta>
			-ido
		</respuesta>
		<categoria>
			A
		</categoria>
	</pregunta>

	<pregunta>
		<preguntatexto>
			¿Qué ángulo es menor, el recto o el obtuso?
		</preguntatexto>
		<respuesta>
			El recto
		</respuesta>
		<categoria>
			A
		</categoria>
	</pregunta>

	<pregunta>
		<preguntatexto>
			Las cualidades del sonido son:Intensidad, tono y ...
		</preguntatexto>
		<respuesta>
			...timbre
		</respuesta>
		<categoria>
			A
		</categoria>
	</pregunta>

	<pregunta>
		<preguntatexto>
			¿Quiéres conquistaron antes parte de la península ibérica los romanos o los cartaginese?
		</preguntatexto>
		<respuesta>
			Los cartagineses
		</respuesta>
		<categoria>
			A
		</categoria>
	</pregunta>

	<pregunta>
		<preguntatexto>
			¿Qué animal representa el simbolo de la paz?
		</preguntatexto>
		<respuesta>
			La paloma
		</respuesta>
		<categoria>
			A
		</categoria>
	</pregunta>

	<pregunta>
		<preguntatexto>
			¿En que país se originó el jazz?
		</preguntatexto>
		<respuesta>
			En Estados Unidos
		</respuesta>
		<categoria>
			R
		</categoria>
	</pregunta>

	<pregunta>
		<preguntatexto>
			¿Quines fueron los dos máximos representantes del Surrealismo español?
		</preguntatexto>
		<respuesta>
			Dalo y Miró
		</respuesta>
		<categoria>
			R
		</categoria>
	</pregunta>

	<pregunta>
		<preguntatexto>
			¿Cuál es la fórmula de la magnetita?
		</preguntatexto>
		<respuesta>
			Fe3 O4
		</respuesta>
		<categoria>
			R
		</categoria>
	</pregunta>

	<pregunta>
		<preguntatexto>
			¿A quién se le ha apodado como "el rey Midas del cine"?
		</preguntatexto>
		<respuesta>
			A Steven Spielberg
		</respuesta>
		<categoria>
			R
		</categoria>
	</pregunta>


	<pregunta>
		<preguntatexto>
			¿Cómo se le denimina a una estrella cuatro está en la estapa de vejez?
		</preguntatexto>
		<respuesta>
			Gigante roja
		</respuesta>
		<categoria>
			R
		</categoria>
	</pregunta>


	<pregunta>
		<preguntatexto>
			¿En qué ciudad española se encuentra el museo Guggenheim?
		</preguntatexto>
		<respuesta>
			Bilbao
		</respuesta>
		<categoria>
			R
		</categoria>
	</pregunta>


	<pregunta>
		<preguntatexto>
			¿En qué ciudad española tuvo ligar la "Semana Trágica" en 1909?
		</preguntatexto>
		<respuesta>
			Barcelona
		</respuesta>
		<categoria>
			R
		</categoria>
	</pregunta>


	<pregunta>
		<preguntatexto>
			¿Cuál fue el Papa anterior a Juan Pablo 2?
		</preguntatexto>
		<respuesta>
			Juan Pablo 1
		</respuesta>
		<categoria>
			R
		</categoria>
	</pregunta>

	<pregunta>
		<preguntatexto>
			¿Cuáles son los dos idiomas más utilizados en la WORLD WIDE WEB?
		</preguntatexto>
		<respuesta>
			Ingés u español
		</respuesta>
		<categoria>
			R
		</categoria>
	</pregunta>

	<pregunta>
		<preguntatexto>
			¿Qu´´e escritor. nacio en Toledo, es famoso por las églogas?
		</preguntatexto>
		<respuesta>
			Garcilaso de la Vega
		</respuesta>
		<categoria>
			R
		</categoria>
	</pregunta>


	<pregunta>
		<preguntatexto>
			¿En qué año se fundo la A.I.T(Asociación Intrnacional de Trabajadores)?
		</preguntatexto>
		<respuesta>
			1864
		</respuesta>
		<categoria>
			R
		</categoria>
	</pregunta>

	<pregunta>
		<preguntatexto>
			¿Quién diseño el ensanche de barcelona a mediados de siglo XIX?
		</preguntatexto>
		<respuesta>
			Odelfonso Cerdá
		</respuesta>
		<categoria>
			R
		</categoria>
	</pregunta>

	<pregunta>
		<preguntatexto>
			¿Quién esculpió el famoso Discóbolo?
		</preguntatexto>
		<respuesta>
			Mirón
		</respuesta>
		<categoria>
			R
		</categoria>
	</pregunta>

	<pregunta>
		<preguntatexto>
			¿Cuál es la longitud actual de la Gran Muralla China?
		</preguntatexto>
		<respuesta>
			2.500 km
		</respuesta>
		<categoria>
			R
		</categoria>
	</pregunta>

	<pregunta>
		<preguntatexto>
			¿Cómo se llama el aparato que mide la velocidad del viento?
		</preguntatexto>
		<respuesta>
			Anemómetro
		</respuesta>
		<categoria>
			R
		</categoria>
	</pregunta>

	<pregunta>
		<preguntatexto>
			¿En qué isla se encuentra Taiwán?
		</preguntatexto>
		<respuesta>
			En la isla de Formosa
		</respuesta>
		<categoria>
			L
		</categoria>
	</pregunta>

	<pregunta>
		<preguntatexto>
			¿En qué tiempo está la foema verbal "fui"?
		</preguntatexto>
		<respuesta>
			Pretérito perfecto simple
		</respuesta>
		<categoria>
			L
		</categoria>
	</pregunta>

	<pregunta>
		<preguntatexto>
			¿Sabes cuántas poliedros regulares existen?
		</preguntatexto>
		<respuesta>
			Cinco
		</respuesta>
		<categoria>
			L
		</categoria>
	</pregunta>
	

	<pregunta>
		<preguntatexto>
			¿Cuántas circulos máximos pasan por un punto de la suparficie esférica?
		</preguntatexto>
		<respuesta>
			Infinitos
		</respuesta>
		<categoria>
			L
		</categoria>
	</pregunta>


	<pregunta>
		<preguntatexto>
			¿Sabrias decir a que clase de novelas pertenece "El Quijote"?
		</preguntatexto>
		<respuesta>
			A las de caballeria
		</respuesta>
		<categoria>
			L
		</categoria>
	</pregunta>

	<pregunta>
		<preguntatexto>
			¿Qué une al feto cin su madre?
		</preguntatexto>
		<respuesta>
			El cordón umbilical
		</respuesta>
		<categoria>
			L
		</categoria>
	</pregunta>


	<pregunta>
		<preguntatexto>
			¿De cuántos aspectos trata un tema monográfico?
		</preguntatexto>
		<respuesta>
			De uno
		</respuesta>
		<categoria>
			L
		</categoria>
	</pregunta><pregunta>
		<preguntatexto>
			¿Cuánto mide el lado de un cuadrado que tiene 25 m2?
		</preguntatexto>
		<respuesta>
			5 m
		</respuesta>
		<categoria>
			l
		</categoria>
	</pregunta><pregunta>
		<preguntatexto>
			¿Qué peculiaridad física tiene el baricentro de un triángulo?
		</preguntatexto>
		<respuesta>
			ES su centro de gravedad
		</respuesta>
		<categoria>
			L
		</categoria>
	</pregunta>

<pregunta>
	<preguntatexto>
		
		¿cual es el geerundio del verbo "llegar"?
	</preguntatexto>
	<respuesta>
		Llegando
	</respuesta>
	<categoria>
		A
	</categoria>
	</pregunta>

	<pregunta>
	<preguntatexto>
		¿que nombre recibe la ciencia que estudia las monedas?
	</preguntatexto>
	<respuesta>
		Numismástica
	</respuesta>
	<categoria>
		A
	</categoria>
	</pregunta>

	<pregunta>
	<preguntatexto>
		¿Cuántas diagonales tiene un pentágono?
	</preguntatexto>
	<respuesta>
		Cinco
	</respuesta>
	<categoria>
		A
	</categoria>

	</pregunta>

	<pregunta>
	<preguntatexto>
		¿Sabes cuantos pares de patas tiene un aracnido?
	</preguntatexto>
	<respuesta>
		Cuatro
	</respuesta>
	<categoria>
		A
	</categoria>
	</pregunta>

	<pregunta>
	<preguntatexto>
		¿Cuantos jugadores de rugby hay en una melé?
	</preguntatexto>
	<respuesta>
		16, ocho de cada equipo
	</respuesta>
	<categoria>
		A
	</categoria>
	</pregunta>

	<pregunta>
	<preguntatexto>
		¿Cuántos océanos hay en la Tierra?
	</preguntatexto>
	<respuesta>
		Cinco
	</respuesta>
	<categoria>
		A
	</categoria>
	</pregunta>

	<pregunta>
	<preguntatexto>
		¿Qué lugar ocupa la Tierra por su proximidad al sol?
	</preguntatexto>
	<respuesta>
		El tercero
	</respuesta>
	<categoria>
		A
	</categoria>
	</pregunta>

	<pregunta>
	<preguntatexto>
		¿Cuál es la bebida típica de Asturias que se extrae de la manzana?
	</preguntatexto>
	<respuesta>
		La sidra
	</respuesta>
	<categoria>
		A
	</categoria>
	</pregunta>

	<pregunta>
	<preguntatexto>
		¿Cuál es el antónimo de benigno?
	</preguntatexto>
	<respuesta>
		Maligno
	</respuesta>
	<categoria>
		A
	</categoria>
	</pregunta>

	<pregunta>
	<preguntatexto>
		¿Cómo se llama al proceso de purificación de la sangre con un riñón artifical?
	</preguntatexto>
	<respuesta>
		Diálisis
	</respuesta>
	<categoria>
		A
	</categoria>
	</pregunta>

	<pregunta>
	<preguntatexto>
		¿Cuántas horas son 3.600 segundos?
	</preguntatexto>
	<respuesta>
		Una hora
	</respuesta>
	<categoria>
		A
	</categoria>
	</pregunta>

	<pregunta>
	<preguntatexto>
		¿En qué glándulas se produce la saliva?
	</preguntatexto>
	<respuesta>
		En las glándulas salivales
	</respuesta>
	<categoria>
		A
	</categoria>
	</pregunta>

	<pregunta>
	<preguntatexto>
		¿Cuántos días tiene un año bisiesto?
	</preguntatexto>
	<respuesta>
		366 días
	</respuesta>
	<categoria>
		A
	</categoria>
	</pregunta>

	<pregunta>
	<preguntatexto>
		¿Cómo se escribe "general" con "g" o con "j"?
	</preguntatexto>
	<respuesta>
		Con g
	</respuesta>
	<categoria>
		A
	</categoria>
	</pregunta>

	<pregunta>
	<preguntatexto>
		¿en que parte de nuestro cuerpo podemos encontrar marfil?
	</preguntatexto>
	<respuesta>
	</respuesta>
		En los dientes
	<categoria>
		A
	</categoria>
	</pregunta>

	<pregunta>
	<preguntatexto>
		¿Cuál es la falta máxima en un partido de futbol?
	</preguntatexto>
	<respuesta>
		El penalty
	</respuesta>
	<categoria>
		A
	</categoria>
	</pregunta>

	<pregunta>
	<preguntatexto>
		¿En qué tiempo estas el verbo "levantaré", pasado, presente o futuro?
	</preguntatexto>
	<respuesta>
		Futuro
	</respuesta>
	<categoria>
		A
	</categoria>
	</pregunta>

	<pregunta>
	<preguntatexto>
		¿Qué tipo de animal, según su alimentación, dirías que es el jabalí?
	</preguntatexto>
	<respuesta>
		Omnívoro
	</respuesta>
	<categoria>
		A
	</categoria>
	</pregunta>

	<pregunta>
	<preguntatexto>
		¿Sabes a que sector productivo pertenece la agricultura?
	</preguntatexto>
	<respuesta>
		Al primario
	</respuesta>
	<categoria>
		A
	</categoria>
	</pregunta>

	<pregunta>
	<preguntatexto>
		¿Como se llama la parte delantera de un barco?
	</preguntatexto>
	<respuesta>
		Proa
	</respuesta>
	<categoria>
		A
	</categoria>
	</pregunta>

	<pregunta>
	<preguntatexto>
		¿Qué encuentras de común en las cifras: 73, 46, 55, 82?
	</preguntatexto>
	<respuesta>
		Sus numero suman 10
	</respuesta>
	<categoria>
		A
	</categoria>
	</pregunta>

	<pregunta>
	<preguntatexto>
		¿Cuál es el alimento que se le da a los gusanos de seda?
	</preguntatexto>
	<respuesta>
		Hojas de morera
	</respuesta>
	<categoria>
		A
	</categoria>
	</pregunta>

	<pregunta>
	<preguntatexto>
		¿Qué es lo contrario a tristeza?
	</preguntatexto>
	<respuesta>
		Alegría
	</respuesta>
	<categoria>
		A
	</categoria>
	</pregunta>

	<pregunta>
	<preguntatexto>
		¿Qué numero decimal correspondería a la fracción de 25/100?
	</preguntatexto>
	<respuesta>
		0.25
	</respuesta>
	<categoria>
		A
	</categoria>
	</pregunta>

	<pregunta>
	<preguntatexto>
		¿Dirías que son plantas leñosas los arbustos y los árboles?
	</preguntatexto>
	<respuesta>
		Si
	</respuesta>
	<categoria>
		A
	</categoria>
	</pregunta>

	<pregunta>
	<preguntatexto>
		¿Qué nombre recibe la persona entendida o que trabaja con abejas?
	</preguntatexto>
	<respuesta>
		Apicultor
	</respuesta>
	<categoria>
		A
	</categoria>
	</pregunta>

	<pregunta>
	<preguntatexto>
		¿Quién fue el conquistador de Perú?
	</preguntatexto>
	<respuesta>
		Francisco Pizarro
	</respuesta>
	<categoria>
		L
	</categoria>
	</pregunta>

	<pregunta>
	<preguntatexto>
		¿Que nombre reciben los versos de ocho sílabas?
	</preguntatexto>
	<respuesta>
		Octosílabos
	</respuesta>
	<categoria>
		L
	</categoria>
	</pregunta>

	<pregunta>
	<preguntatexto>
		¿Cuál es el satélite natural de la tierra?
	</preguntatexto>
	<respuesta>
		La luna
	</respuesta>
	<categoria>
		A
	</categoria>
	</pregunta>

	<pregunta>
	<preguntatexto>
		¿Sabes qué río es el mas largo de Europa?
	</preguntatexto>
	<respuesta>
		El volga
	</respuesta>
	<categoria>
		L
	</categoria>
	</pregunta>

	<pregunta>
	<preguntatexto>
		¿Cómo se llamaba el caballo del Cid Campeador?
	</preguntatexto>
	<respuesta>
		Babieca
	</respuesta>
	<categoria>
		L
	</categoria>
	</pregunta>

	<pregunta>
	<preguntatexto>
		¿Que forma tienen las caras del dodecaedro?
	</preguntatexto>
	<respuesta>
		Pentágonos
	</respuesta>
	<categoria>
		L
	</categoria>
	</pregunta>

	<pregunta>
	<preguntatexto>
		¿Sabes en qué parte de la sangre se encuentra la hemoglobina?
	</preguntatexto>
	<respuesta>
		En los globulos rojos
	</respuesta>
	<categoria>
		L
	</categoria>
	</pregunta>

	<pregunta>
	<preguntatexto>
		¿Qué nombre recibe la masa molecular expresada en gramos?
	</preguntatexto>
	<respuesta>
		Mol
	</respuesta>
	<categoria>
		L
	</categoria>
	</pregunta>

	<pregunta>
	<preguntatexto>
		¿Sabes que metal se extrae de la galena?
	</preguntatexto>
	<respuesta>
		El plomo
	</respuesta>
	<categoria>
		L
	</categoria>
	</pregunta>

	<pregunta>
	<preguntatexto>
		¿Con qué pseudónimo firmo sus obras el escritor Leopoldo Alas?
	</preguntatexto>
	<respuesta>
		Clarín
	</respuesta>
	<categoria>
		L
	</categoria>
	</pregunta>

	<pregunta>
	<preguntatexto>
		¿Cómo se llama la fracción correspondiente a un decimal periódico?
	</preguntatexto>
	<respuesta>
		Fracción generatriz
	</respuesta>
	<categoria>
		L
	</categoria>
	</pregunta>

	<pregunta>
	<preguntatexto>
		¿Quién fue el artifice de la independecia de Venezuela?
	</preguntatexto>
	<respuesta>
		Simón Bolívar
	</respuesta>
	<categoria>
		L
	</categoria>
	</pregunta>

	<pregunta>
	<preguntatexto>
		¿Qué tiene que preceder a un adverbio para que éste se normalice?
	</preguntatexto>
	<respuesta>
		Un determinante
	</respuesta>
	<categoria>
		L
	</categoria>
	</pregunta>

	<pregunta>
	<preguntatexto>
		¿Qué nombre reciben los movimientos sismicos que se producen en el mar?
	</preguntatexto>
	<respuesta>
		Maremotos
	</respuesta>
	<categoria>
		L
	</categoria>
	</pregunta>

	<pregunta>
	<preguntatexto>
		¿Cómo se llama la persona que recibe un mensaje?
	</preguntatexto>
	<respuesta>
		Receptor
	</respuesta>
	<categoria>
		L
	</categoria>
	</pregunta>

	<pregunta>
	<preguntatexto>
		¿Cuál es el lago navegable más alto del mundo?
	</preguntatexto>
	<respuesta>
		Titicaca
	</respuesta>
	<categoria>
		R
	</categoria>
	</pregunta>

	<pregunta>
	<preguntatexto>
		¿De qué material está construido el instrumento musical llamado Tuba?
	</preguntatexto>
	<respuesta>
		Cobre
	</respuesta>
	<categoria>
		R
	</categoria>
	</pregunta>

	<pregunta>
	<preguntatexto>
		¿Quiénes fueron los pintores mas representativos del Barroco en los Países Bajos?
	</preguntatexto>
	<respuesta>
		Rembrandt y Rubens
	</respuesta>
	<categoria>
		R
	</categoria>
	</pregunta>

	<pregunta>
	<preguntatexto>
		¿Qué estilo musical surgió en los años 50, influenciado por el blues y el country?
	</preguntatexto>
	<respuesta>
		El Rock and Roll
	</respuesta>
	<categoria>
		R
	</categoria>
	</pregunta>

	<pregunta>
	<preguntatexto>
		¿Qué dos naciones se enfrentaron en la guerra de los cien años?
	</preguntatexto>
	<respuesta>
		Francia e Inglaterra
	</respuesta>
	<categoria>
		R
	</categoria>
	</pregunta>

	<pregunta>
	<preguntatexto>
		¿Qué dos modadlidades deportivas componen el "Biathlon"?
	</preguntatexto>
	<respuesta>
		Esquí de fondo y tiro con carabina
	</respuesta>
	<categoria>
		R
	</categoria>
	</pregunta>

	<pregunta>
	<preguntatexto>
		¿Quien pintó "El matrimonio de Arnolfini"?
	</preguntatexto>
	<respuesta>
		Van Eyck
	</respuesta>
	<categoria>
		R
	</categoria>
	</pregunta>

	<pregunta>
	<preguntatexto>
		¿Quién ha sido el máximo goleador español  en la liga BBVA en la temporada 96-97 ?
	</preguntatexto>
	<respuesta>
		Raúl
	</respuesta>
	<categoria>
		R
	</categoria>
	</pregunta>

	<pregunta>
	<preguntatexto>
		¿Cuál es la ciudad mas poblada de Escocia?
	</preguntatexto>
	<respuesta>
		Glasgow
	</respuesta>
	<categoria>
		R
	</categoria>
	</pregunta>

	<pregunta>
	<preguntatexto>
		¿Qué deporte practica Jack Nicklaus?
	</preguntatexto>
	<respuesta>
		El golf
	</respuesta>
	<categoria>
		R
	</categoria>
	</pregunta>

	<pregunta>
	<preguntatexto>
		¿Cuales son los colores de la bandera del Vaticano?
	</preguntatexto>
	<respuesta>
		Blanco y amarillo
	</respuesta>
	<categoria>
		R
	</categoria>
	</pregunta>

	<pregunta>
	<preguntatexto>
		¿Qué alcohol es el utilizado comunmente en farmacia?
	</preguntatexto>
	<respuesta>
		Etanol o alcohol etílico 
	</respuesta>
	<categoria>
		R
	</categoria>
	</pregunta>

	<pregunta>
	<preguntatexto>
		¿Qué nombre reciben los animales de patas articuladas?
	</preguntatexto>
	<respuesta>
		Artrópodos
	</respuesta>
	<categoria>
		R
	</categoria>
	</pregunta>

	<pregunta>
	<preguntatexto>
		¿Qué nombre recibe, en golf, el hoyo conseguido con tres golpes bajo par?
	</preguntatexto>
	<respuesta>
		Albatros
	</respuesta>
	<categoria>
		R
	</categoria>
	</pregunta>
</preguntas>