<?xml version='1.0' encoding="UTF-8"?>
<preguntas>
	<pregunta>
	<preguntatexto>
		¿Que les Sucede a los Luchadores Jedi en la Arena, Antes de la Llegada de Yoda?
	</preguntatexto>
	<respuesta>
		Son Rodeados
	</respuesta>
	<categoria>
		P
	</categoria>
	</pregunta>

	<pregunta>
	<preguntatexto>
		¿Que Tipo de Aeronave tiene Paneles Solares de Forma Hexagonal?
	</preguntatexto>
	<respuesta>
		Un Tie Fighter
	</respuesta>
	<categoria>
		AV
	</categoria>
	</pregunta>

	<pregunta>
	<preguntatexto>
		¿Quien se Enfrento a Obi-Wan Kenobi con un Sable Laser en Cada Uno de sus Cuatro Brazos?
	</preguntatexto>
	<respuesta>
		El General Grievous
	</respuesta>
	<categoria>
		H
	</categoria>
	</pregunta>

	<pregunta>
	<preguntatexto>
		¿Donde Deben Entrar las Naves Para Viajar mas Rapido que la Velocidad de la Luz?
	</preguntatexto>
	<respuesta>
		El Hiperespacio
	</respuesta>
	<categoria>
		V
	</categoria>
	</pregunta>

	<pregunta>
	<preguntatexto>
		¿Que Tipo de Droide estan Preparados para las Relaciones Humano-Droide?
	</preguntatexto>
	<respuesta>
		Los Droides de Protocolo
	</respuesta>
	<categoria>
		DC
	</categoria>
	</pregunta>

	<pregunta>
	<preguntatexto>
		¿Que Idioma se Creo Mezclando Dialectos de Africa y del Pacifico Sur?
	</preguntatexto>
	<respuesta>
		El Ewokese
	</respuesta>
	<categoria>
		V
	</categoria>
	</pregunta>

	<pregunta>
	<preguntatexto>
		¿A Que Viejo Amigo se Encontro Luke en la Base Rebelde en Star Wars. La Edicion Especial?
	</preguntatexto>
	<respuesta>
		A Biggs Darklighter
	</respuesta>
	<categoria>
		P
	</categoria>
	</pregunta>

	<pregunta>
	<preguntatexto>
		¿Quien Utilizo dos Sables Laser Para Cortar el Cuello del Conde Dooku?
	</preguntatexto>
	<respuesta>
		Anakin Skywalker
	</respuesta>
	<categoria>
		AV
	</categoria>
	</pregunta>

	<pregunta>
	<preguntatexto>
		¿Que Hace Satisfactoriamente Anakin durante un Periodo corto de Tiempo mientras Lucha contra el Conde Dooku?
	</preguntatexto>
	<respuesta>
		Utilizar dos Sables Laser
	</respuesta>
	<categoria>
		H
	</categoria>
	</pregunta>

	<pregunta>
	<preguntatexto>
		¿Donde Descubrieron las Naves de Rastreo Imperiales, los Restos de una Base Rebelde?
	</preguntatexto>
	<respuesta>
		En Dantooine
	</respuesta>
	<categoria>
		V
	</categoria>
	</pregunta>

	<pregunta>
	<preguntatexto>
		¿De que color son los Ojos de Chewbacca?
	</preguntatexto>
	<respuesta>
		Azules
	</respuesta>
	<categoria>
		DC
	</categoria>
	</pregunta>

	<pregunta>
	<preguntatexto>
		¿Que le Sucede a Amidala en la Fundicion de Droides cuando esta en la Tolva?
	</preguntatexto>
	<respuesta>
		Casi le Cae Metal Fundido
	</respuesta>
	<categoria>
		V
	</categoria>
	</pregunta>

	<pregunta>
	<preguntatexto>
		¿Quien Absorbe la Fuerza del Canciller Palpatine con su Sable Laser?
	</preguntatexto>
	<respuesta>
		Mace Windu
	</respuesta>
	<categoria>
		P
	</categoria>
	</pregunta>

	<pregunta>
	<preguntatexto>
		¿Como llego el Ejercito Clon a Geonosis?
	</preguntatexto>
	<respuesta>
		En Naves de Combate
	</respuesta>
	<categoria>
		AV
	</categoria>
	</pregunta>

	<pregunta>
	<preguntatexto>
		¿Quien Descendio Primero por la Rampa de Basura de la Estrella de la Muerte?
	</preguntatexto>
	<respuesta>
	</respuesta>
		La Princesa Leia
	<categoria>
		H
	</categoria>
	</pregunta>

	<pregunta>
	<preguntatexto>
		¿Hacia donde se Dirigia Luke cuando Recibio su Primer Entrenamiento con Sable Laser?
	</preguntatexto>
	<respuesta>
		A Aldeeran
	</respuesta>
	<categoria>
		V
	</categoria>
	</pregunta>

	<pregunta>
	<preguntatexto>
		¿A Que Alienigena se Referia Han cuando Dijo que una Ayuda Pequeña era Mejor que no Tener Ayuda?
	</preguntatexto>
	<respuesta>
		A Los Ewoks
	</respuesta>
	<categoria>
		DC
	</categoria>
	</pregunta>

	<pregunta>
	<preguntatexto>
		¿Que Dio Leia a Luke para que Tuviera Suerte, antes de su Paso por el Abismo de la Estrella de la Muerte?
	</preguntatexto>
	<respuesta>
		Un Beso
	</respuesta>
	<categoria>
		V
	</categoria>
	</pregunta>

	<pregunta>
	<preguntatexto>
		¿Que Tipo de Criaturas hay en Geonosis?
	</preguntatexto>
	<respuesta>
		Insectos
	</respuesta>
	<categoria>
		P
	</categoria>
	</pregunta>

	<pregunta>
	<preguntatexto>
		¿Que Evita que la Atmosfera de un Hangar escape V Espacio?
	</preguntatexto>
	<respuesta>
		Un Campo Magnetico
	</respuesta>
	<categoria>
		AV
	</categoria>
	</pregunta>

	<pregunta>
	<preguntatexto>
		¿Cual fue la Ultima Prueba a la que Tuvo que hacer Frente Luke antes de Convertirse en un Jedi?
	</preguntatexto>
	<respuesta>
		Enfrentarse a Vader
	</respuesta>
	<categoria>
		H
	</categoria>
	</pregunta>

	<pregunta>
	<preguntatexto>
		¿A Que se Refiere Han en Una Nueva Esperanza cuando Dice: "No esta Alli, ha Sido Totalmente Destruido"?
	</preguntatexto>
	<respuesta>
		A Alderaan
	</respuesta>
	<categoria>
		V
	</categoria>
	</pregunta>

	<pregunta>
	<preguntatexto>
		¿Que Criatura Atacaron a Luke Skywalker, Mientras Buscaba a R2-D2?
	</preguntatexto>
	<respuesta>
		Los Moradores de las Arenas
	</respuesta>
	<categoria>
		DC
	</categoria>
	</pregunta>

	<pregunta>
	<preguntatexto>
		¿Que Tipo de Alas Despliegan los Cazas Clon en Posicion de Ataque para el Combate?
	</preguntatexto>
	<respuesta>
		Las S-Foils
	</respuesta>
	<categoria>
		V
	</categoria>
	</pregunta>
	<pregunta>
	<preguntatexto>
		¿Quién caminó por la pasarela en la ceremonia de condecoracion de Star Wars, pero no recibió ninguna medalla?
	</preguntatexto>
	<respuesta>
		Chebacca
	</respuesta>
	<categoria>
		V
	</categoria>
	</pregunta>

	<pregunta>
	<preguntatexto>
		¿Qué utilizó Luke para desviar tres rayos blaster disparados desde una moto-speeder?
	</preguntatexto>
	<respuesta>
		Un sable láser
	</respuesta>
	<categoria>
		V
	</categoria>
	</pregunta>

	<pregunta>
	<preguntatexto>
		¿Quié fue el único almirante Rebelde identificado en pantalla?
	</preguntatexto>
	<respuesta>
		El Almirante Ackbar
	</respuesta>
	<categoria>
		H
	</categoria>

	</pregunta>

	<pregunta>
	<preguntatexto>
		¿En que planeta está Bail Organa, cuando los soldados clon intenta abatirle?
	</preguntatexto>
	<respuesta>
		En Coruscant
	</respuesta>
	<categoria>
		V
	</categoria>
	</pregunta>

	<pregunta>
	<preguntatexto>
		¿De qué color son los droides sonda Imperiales?
	</preguntatexto>
	<respuesta>
		Negros
	</respuesta>
	<categoria>
		V
	</categoria>
	</pregunta>

	<pregunta>
	<preguntatexto>
		¿Quién compuso la música nueva para la secuencia de la celebración en El Retorno del Jedi, Edición Especial?
	</preguntatexto>
	<respuesta>
		John Williams
	</respuesta>
	<categoria>
		V
	</categoria>
	</pregunta>

	<pregunta>
	<preguntatexto>
		¿Quién denominaba a Luke, el Cerebro?
	</preguntatexto>
	<respuesta>
		Han Solo
	</respuesta>
	<categoria>
		V
	</categoria>
	</pregunta>

	<pregunta>
	<preguntatexto>
		¿Qué debe subir un piloto para entrar en la cabina de un X-Wing Fighter?
	</preguntatexto>
	<respuesta>
		Una escalera
	</respuesta>
	<categoria>
		H
	</categoria>
	</pregunta>

	<pregunta>
	<preguntatexto>
		¿En qué estado se encuentra la madre de Anakin cuando éste la encuentra?
	</preguntatexto>
	<respuesta>
		Muriendo
	</respuesta>
	<categoria>
		V
	</categoria>
	</pregunta>

	<pregunta>
	<preguntatexto>
		¿Cuáles son las formas de vida predominantes de Endor?
	</preguntatexto>
	<respuesta>
		Los Ewoks
	</respuesta>
	<categoria>
		V
	</categoria>
	</pregunta>

	<pregunta>
	<preguntatexto>
		¿Cuáles son los dos rasgos distintivos principales de los kaminianos?
	</preguntatexto>
	<respuesta>
		Cuellos muy largos y cabezas pequeñas
	</respuesta>
	<categoria>
		V
	</categoria>
	</pregunta>

	<pregunta>
	<preguntatexto>
		¿A quién advierte Yoda: Cauteloso debes ser cuando sientas el futuro?
	</preguntatexto>
	<respuesta>
		a Anakain Skywalker
	</respuesta>
	<categoria>
		V
	</categoria>
	</pregunta>

	<pregunta>
	<preguntatexto>
		¿Quién era capaz de desviar rayos blaster con sus manos?
	</preguntatexto>
	<respuesta>
		Darth Vader
	</respuesta>
	<categoria>
		H
	</categoria>
	</pregunta>

	<pregunta>
	<preguntatexto>
		¿Qué pesados explosivos llevan los X-Wing-Fighters?
	</preguntatexto>
	<respuesta>
		Torpedos de Protones
	</respuesta>
	<categoria>
		V
	</categoria>
	</pregunta>

	<pregunta>
	<preguntatexto>
		¿Quien era el hermano de Obi-Wan?
	</preguntatexto>
	<respuesta>
	</respuesta>
		Owen
	<categoria>
		V
	</categoria>
	</pregunta>

	<pregunta>
	<preguntatexto>
		¿Como se llama comunmente V T-4?
	</preguntatexto>
	<respuesta>
		Snowspeeder
	</respuesta>
	<categoria>
		V
	</categoria>
	</pregunta>

</preguntas>