<?xml version='1.0' encoding="UTF-8"?>
<preguntas>
	<pregunta>
	<preguntatexto>
		¿En que Ciudad Australiana se fundo la Primera Colonia Penitenciaria Britanica?
	</preguntatexto>
	<respuesta>
		Sidney
	</respuesta>
	<categoria>
		G
	</categoria>
	</pregunta>

	<pregunta>
	<preguntatexto>
		¿En que Ciudad del Mundo, hay mas Estudios de Cine?
	</preguntatexto>
	<respuesta>
		En los Angeles
	</respuesta>
	<categoria>
		E
	</categoria>
	</pregunta>

	<pregunta>
	<preguntatexto>
		¿Quien Obtuvo Antes la Independencia; Egipto, Etiopia, Irak o Egipto?
	</preguntatexto>
	<respuesta>
		Irak
	</respuesta>
	<categoria>
		H
	</categoria>

	</pregunta>

	<pregunta>
	<preguntatexto>
		¿Que  Pintor se Encargo del cartel del Centenario del Futbol Club Barcelona
	</preguntatexto>
	<respuesta>
		Antoni Tapies
	</respuesta>
	<categoria>
		AL
	</categoria>
	</pregunta>

	<pregunta>
	<preguntatexto>
		¿Cual es el Estado Norteamericano que dio Nombre a un Color de Madera de Pìno?
	</preguntatexto>
	<respuesta>
		Oregon
	</respuesta>
	<categoria>
		C
	</categoria>
	</pregunta>

	<pregunta>
	<preguntatexto>
		¿Que se Ponen en el Pelo, los Hindues de Casta mas Noble?
	</preguntatexto>
	<respuesta>
		una Flor
	</respuesta>
	<categoria>
		G
	</categoria>
	</pregunta>

	<pregunta>
	<preguntatexto>
		¿En que Pelicula, Woody Allen queria Ser Humphrey Bogart?
	</preguntatexto>
	<respuesta>
		En Sueños de Seductor
	</respuesta>
	<categoria>
		E
	</categoria>
	</pregunta>

	<pregunta>
	<preguntatexto>
		¿Cual es el Dios Romano que Tenia Alas en los Pies
	</preguntatexto>
	<respuesta>
		Mercurio
	</respuesta>
	<categoria>
		H
	</categoria>
	</pregunta>

	<pregunta>
	<preguntatexto>
		¿Que Deshacen las Dieresis?
	</preguntatexto>
	<respuesta>
		Los Diptongos
	</respuesta>
	<categoria>
		AL
	</categoria>
	</pregunta>

	<pregunta>
	<preguntatexto>
		¿Cual es el Arma que se Convirtio en el Primer Util de Pesca?
	</preguntatexto>
	<respuesta>
		El Arpon
	</respuesta>
	<categoria>
		C
	</categoria>
	</pregunta>

	<pregunta>
	<preguntatexto>
		¿En que Pais Centroamericano, el Volcan de Agua Echa Fuego?
	</preguntatexto>
	<respuesta>
		Guatemala
	</respuesta>
	<categoria>
		G
	</categoria>
	</pregunta>

	<pregunta>
	<preguntatexto>
		¿Con que Grupo Grabo John Fogerty "Proud Mary"?
	</preguntatexto>
	<respuesta>
		Con Credence Clearwater Revival
	</respuesta>
	<categoria>
		E
	</categoria>
	</pregunta>

	<pregunta>
	<preguntatexto>
		¿Que Heroe Mitologico paso a la Historia por sus Doce Trabajos?
	</preguntatexto>
	<respuesta>
		Hercules
	</respuesta>
	<categoria>
		H
	</categoria>
	</pregunta>

	<pregunta>
	<preguntatexto>
		¿El Retrato de que Papa, Pinto Velazquez?
	</preguntatexto>
	<respuesta>
		El de Inocencio X
	</respuesta>
	<categoria>
		AL
	</categoria>
	</pregunta>

	<pregunta>
	<preguntatexto>
		¿Cual es el Cetaceo mas Abundante en el Mediterraneo
	</preguntatexto>
	<respuesta>
	</respuesta>
		El Delfin
	<categoria>
		C
	</categoria>
	</pregunta>

	<pregunta>
	<preguntatexto>
		¿De que Pais Europeo se Independizo Indochina?
	</preguntatexto>
	<respuesta>
		De Francia
	</respuesta>
	<categoria>
		G
	</categoria>
	</pregunta>

	<pregunta>
	<preguntatexto>
		¿A que Magnate de la Prensa Critico Orson Wells con Ciudadano Kane?
	</preguntatexto>
	<respuesta>
		A Randolph Hearst
	</respuesta>
	<categoria>
		E
	</categoria>
	</pregunta>

	<pregunta>
	<preguntatexto>
		¿Quien Nacio mas Tarde; Buda, Confuncio o Jesus de Nazareth?
	</preguntatexto>
	<respuesta>
		Jesus de Nazareth
	</respuesta>
	<categoria>
		H
	</categoria>
	</pregunta>

	<pregunta>
	<preguntatexto>
		¿Que Filosofo Fundo en Atenas la Escuela del Liceo?
	</preguntatexto>
	<respuesta>
		Aristoteles
	</respuesta>
	<categoria>
		AL
	</categoria>
	</pregunta>

	<pregunta>
	<preguntatexto>
		¿En que Sentido se Propaga siempre la Luz?
	</preguntatexto>
	<respuesta>
		En Linea Recta
	</respuesta>
	<categoria>
		C
	</categoria>
	</pregunta>

	<pregunta>
	<preguntatexto>
		¿A Que Pais Viajariamos para Visitar Rajastan?
	</preguntatexto>
	<respuesta>
		A Pakistan
	</respuesta>
	<categoria>
		G
	</categoria>
	</pregunta>

	<pregunta>
	<preguntatexto>
		¿Que Cantante Española, se Encontro con "Lunas Rotas"?
	</preguntatexto>
	<respuesta>
		Rosana
	</respuesta>
	<categoria>
		E
	</categoria>
	</pregunta>

	<pregunta>
	<preguntatexto>
		¿Quien fue el Aventurero Italiano que Abrio la Ruta de la Seda?
	</preguntatexto>
	<respuesta>
		Marco Polo
	</respuesta>
	<categoria>
		H
	</categoria>
	</pregunta>

	<pregunta>
	<preguntatexto>
		¿Que Poetisa dio Origen al Termino Lesbianismo?
	</preguntatexto>
	<respuesta>
		Safo de Lesbos
	</respuesta>
	<categoria>
		AL
	</categoria>
	</pregunta>

	<pregunta>
	<preguntatexto>
		¿En que Constelacion se Encuentra la Estrella Polar?
	</preguntatexto>
	<respuesta>
		En la Osa Menor
	</respuesta>
	<categoria>
		C
	</categoria>
	</pregunta>
	
</preguntas>