<?xml version="1.0" encoding="UTF-8" ?>
<table name="vocabulario_camposlexicos_de">
	<record>
	<usuarioid>0</usuarioid>
	<padre>0</padre>
	<campo>--</campo>
	</record>
	<record>
	<usuarioid>0</usuarioid>
	<padre>0</padre>
	<campo>1 LEBEWESEN</campo>
	</record>
	<record>
	<usuarioid>0</usuarioid>
	<padre>2</padre>
	<campo>1.1 Personalien</campo>
	</record>
	<record>
	<usuarioid>0</usuarioid>
	<padre>2</padre>
	<campo>1.2 Persönliche Beziehungen</campo>
	</record>
	<record>
	<usuarioid>0</usuarioid>
	<padre>2</padre>
	<campo>1.3 Aussehen</campo>
	</record>
	<record>
	<usuarioid>0</usuarioid>
	<padre>2</padre>
	<campo>1.4 Wesensmerkmale/ Eigenschaften</campo>
	</record>
	<record>
	<usuarioid>0</usuarioid>
	<padre>2</padre>
	<campo>1.5 Gefühle/ Emotionen</campo>
	</record>
	<record>
	<usuarioid>0</usuarioid>
	<padre>2</padre>
	<campo>1.6 Gesundheit</campo>
	</record>
	<record>
	<usuarioid>0</usuarioid>
	<padre>0</padre>
	<campo>2 ESSEN / GASTRONOMIE</campo>
	</record>
	<record>
	<usuarioid>0</usuarioid>
	<padre>9</padre>
	<campo>2.1 Lebensmittel</campo>
	</record>
	<record>
	<usuarioid>0</usuarioid>
	<padre>9</padre>
	<campo>2.2 Speisen</campo>
	</record>
	<record>
	<usuarioid>0</usuarioid>
	<padre>11</padre>
	<campo>2.2.1 Rezepte</campo>
	</record>
	<record>
	<usuarioid>0</usuarioid>
	<padre>11</padre>
	<campo>2.2.2 Restaurants/ Gaststätten/ Bistros/ Pubs etc.</campo>
	</record>
	<record>
	<usuarioid>0</usuarioid>
	<padre>9</padre>
	<campo>2.3 Küchengeräte</campo>
	</record>
	<record>
	<usuarioid>0</usuarioid>
	<padre>0</padre>
	<campo>3 WOHNEN/ INMOBILIEN</campo>
	</record>
	<record>
	<usuarioid>0</usuarioid>
	<padre>15</padre>
	<campo>3.1 Wohnstätten/ Gebäude/ Teile eines Hauses</campo>
	</record>
	<record>
	<usuarioid>0</usuarioid>
	<padre>15</padre>
	<campo>3.2 Einrichtung/ Mobiliar</campo>
	</record>
	<record>
	<usuarioid>0</usuarioid>
	<padre>15</padre>
	<campo>3.3 Miete/ Ankauf/ Verkauf</campo>
	</record>
	<record>
	<usuarioid>0</usuarioid>
	<padre>0</padre>
	<campo>4 EINKAUFSZENTRUM / SHOPPEN / HAUSHALTSEINKAUF</campo>
	</record>
	<record>
	<usuarioid>0</usuarioid>
	<padre>19</padre>
	<campo>4.1 Mode/ Kleidung</campo>
	</record>
	<record>
	<usuarioid>0</usuarioid>
	<padre>19</padre>
	<campo>4.2 Accesoires</campo>
	</record>
	<record>
	<usuarioid>0</usuarioid>
	<padre>19</padre>
	<campo>4.3 Drogerie und Parfümerie</campo>
	</record>
	<record>
	<usuarioid>0</usuarioid>
	<padre>0</padre>
	<campo>5 FREIZEIT/ KULTUR/ KUNST</campo>
	</record>
	<record>
	<usuarioid>0</usuarioid>
	<padre>23</padre>
	<campo>5.1 Freizeitbeschäftigungen</campo>
	</record>
	<record>
	<usuarioid>0</usuarioid>
	<padre>24</padre>
	<campo>5.1.1 Sport</campo>
	</record>
	<record>
	<usuarioid>0</usuarioid>
	<padre>25</padre>
	<campo>5.1.1.1 Sportliche Aktivitäten</campo>
	</record>
	<record>
	<usuarioid>0</usuarioid>
	<padre>25</padre>
	<campo>5.1.1.2 Sportvereine</campo>
	</record>
	<record>
	<usuarioid>0</usuarioid>
	<padre>23</padre>
	<campo>5.2 Veranstaltungen und Feste</campo>
	</record>
	<record>
	<usuarioid>0</usuarioid>
	<padre>28</padre>
	<campo>5.2.1 Private Events</campo>
	</record>
	<record>
	<usuarioid>0</usuarioid>
	<padre>28</padre>
	<campo>5.2.2 Öffentliche Events</campo>
	</record>
	<record>
	<usuarioid>0</usuarioid>
	<padre>23</padre>
	<campo>5.3 Musik</campo>
	</record>
	<record>
	<usuarioid>0</usuarioid>
	<padre>31</padre>
	<campo>5.3.1 Genre</campo>
	</record>
	<record>
	<usuarioid>0</usuarioid>
	<padre>31</padre>
	<campo>5.3.2 Musikinstrumente</campo>
	</record>
	<record>
	<usuarioid>0</usuarioid>
	<padre>23</padre>
	<campo>5.4 Literatur</campo>
	</record>
	<record>
	<usuarioid>0</usuarioid>
	<padre>34</padre>
	<campo>5.4.1 Genre</campo>
	</record>
	<record>
	<usuarioid>0</usuarioid>
	<padre>34</padre>
	<campo>5.4.2 Epochen</campo>
	</record>
	<record>
	<usuarioid>0</usuarioid>
	<padre>23</padre>
	<campo>5.5 Theater/ Kino</campo>
	</record>
	<record>
	<usuarioid>0</usuarioid>
	<padre>37</padre>
	<campo>5.5.1 Veranstaltungsprogramm</campo>
	</record>
	<record>
	<usuarioid>0</usuarioid>
	<padre>37</padre>
	<campo>5.5.2 Genre</campo>
	</record>
	<record>
	<usuarioid>0</usuarioid>
	<padre>23</padre>
	<campo>5.6 Fotografie</campo>
	</record>
	<record>
	<usuarioid>0</usuarioid>
	<padre>23</padre>
	<campo>5.7 Malerei</campo>
	</record>
	<record>
	<usuarioid>0</usuarioid>
	<padre>41</padre>
	<campo>5.7.1 Farben</campo>
	</record>
	<record>
	<usuarioid>0</usuarioid>
	<padre>41</padre>
	<campo>5.7.2 Stilrichtungen</campo>
	</record>
	<record>
	<usuarioid>0</usuarioid>
	<padre>0</padre>
	<campo>6 KOMMUNIKATION: FORMEN UND MITTEL</campo>
	</record>
	<record>
	<usuarioid>0</usuarioid>
	<padre>44</padre>
	<campo>6.1 Mündliche Kommunikation</campo>
	</record>
	<record>
	<usuarioid>0</usuarioid>
	<padre>45</padre>
	<campo>6.1.1 Mündliche, nicht-öffentliche Kommunikation</campo>
	</record>
	<record>
	<usuarioid>0</usuarioid>
	<padre>46</padre>
	<campo>6.1.1.1 Dialogisch</campo>
	</record>
	<record>
	<usuarioid>0</usuarioid>
	<padre>46</padre>
	<campo>6.1.1.2 Diskursiv</campo>
	</record>
	<record>
	<usuarioid>0</usuarioid>
	<padre>45</padre>
	<campo>6.1.2 Mündliche, öffentliche Kommunikation</campo>
	</record>
	<record>
	<usuarioid>0</usuarioid>
	<padre>49</padre>
	<campo>6.1.2.1 Dialogisch</campo>
	</record>
	<record>
	<usuarioid>0</usuarioid>
	<padre>49</padre>
	<campo>6.1.2.2 Diskursiv</campo>
	</record>
	<record>
	<usuarioid>0</usuarioid>
	<padre>44</padre>
	<campo>6.2 Schriftverkehr</campo>
	</record>
	<record>
	<usuarioid>0</usuarioid>
	<padre>52</padre>
	<campo>6.2.1 Privater Schriftverkehr</campo>
	</record>
	<record>
	<usuarioid>0</usuarioid>
	<padre>52</padre>
	<campo>6.2.2 Formeller Schriftverkehr</campo>
	</record>
	<record>
	<usuarioid>0</usuarioid>
	<padre>44</padre>
	<campo>6.3 Presse/ Zeitungswesen</campo>
	</record>
	<record>
	<usuarioid>0</usuarioid>
	<padre>55</padre>
	<campo>6.3.1 Umfragen</campo>
	</record>
	<record>
	<usuarioid>0</usuarioid>
	<padre>44</padre>
	<campo>6.4 Radio/ televisión</campo>
	</record>
	<record>
	<usuarioid>0</usuarioid>
	<padre>44</padre>
	<campo>6.5 Telefon</campo>
	</record>
	<record>
	<usuarioid>0</usuarioid>
	<padre>44</padre>
	<campo>6.6 Internet</campo>
	</record>
	<record>
	<usuarioid>0</usuarioid>
	<padre>0</padre>
	<campo>7 REISEN/ TOURISMUS</campo>
	</record>
	<record>
	<usuarioid>0</usuarioid>
	<padre>60</padre>
	<campo>7.1 Reiseformen</campo>
	</record>
	<record>
	<usuarioid>0</usuarioid>
	<padre>61</padre>
	<campo>7.1.1 Luxusreisen</campo>
	</record>
	<record>
	<usuarioid>0</usuarioid>
	<padre>61</padre>
	<campo>7.1.2 Rucksackreisen</campo>
	</record>
	<record>
	<usuarioid>0</usuarioid>
	<padre>61</padre>
	<campo>7.1.3 Kulturelle Reisen</campo>
	</record>
	<record>
	<usuarioid>0</usuarioid>
	<padre>61</padre>
	<campo>7.1.4 Familienreisen</campo>
	</record>
	<record>
	<usuarioid>0</usuarioid>
	<padre>60</padre>
	<campo>7.2 Unterkünfte</campo>
	</record>
	<record>
	<usuarioid>0</usuarioid>
	<padre>66</padre>
	<campo>7.2.1 Unterkunftsformen</campo>
	</record>
	<record>
	<usuarioid>0</usuarioid>
	<padre>66</padre>
	<campo>7.2.2 Leistungen und Unterkunftsservice</campo>
	</record>
	<record>
	<usuarioid>0</usuarioid>
	<padre>0</padre>
	<campo>8 WEGBESCHREIBUNG/ ORIENTIERUNG</campo>
	</record>
	<record>
	<usuarioid>0</usuarioid>
	<padre>69</padre>
	<campo>8.1 Transportmittel</campo>
	</record>
	<record>
	<usuarioid>0</usuarioid>
	<padre>69</padre>
	<campo>8.2 Verkehr</campo>
	</record>
	<record>
	<usuarioid>0</usuarioid>
	<padre>69</padre>
	<campo>8.3 Orientierung</campo>
	</record>
	<record>
	<usuarioid>0</usuarioid>
	<padre>72</padre>
	<campo>8.3.1 Himmelsrichtung</campo>
	</record>
	<record>
	<usuarioid>0</usuarioid>
	<padre>72</padre>
	<campo>8.3.2 Andere Richtungshinweise</campo>
	</record>
	<record>
	<usuarioid>0</usuarioid>
	<padre>0</padre>
	<campo>9 ZEITINTERVALLE</campo>
	</record>
	<record>
	<usuarioid>0</usuarioid>
	<padre>75</padre>
	<campo>9.1 Allgemeine Begriffe</campo>
	</record>
	<record>
	<usuarioid>0</usuarioid>
	<padre>75</padre>
	<campo>9.2 Jahreszeiten/ Monate</campo>
	</record>
	<record>
	<usuarioid>0</usuarioid>
	<padre>75</padre>
	<campo>9.3 Wochentage und Tagesintervalle</campo>
	</record>
	<record>
	<usuarioid>0</usuarioid>
	<padre>75</padre>
	<campo>9.4 Uhrzeit</campo>
	</record>
	<record>
	<usuarioid>0</usuarioid>
	<padre>0</padre>
	<campo>10 GEOGRAFIE/ NATUR</campo>
	</record>
	<record>
	<usuarioid>0</usuarioid>
	<padre>0</padre>
	<campo>11 GESELLSCHAFT</campo>
	</record>
	<record>
	<usuarioid>0</usuarioid>
	<padre>81</padre>
	<campo>11.1 Staatswesen/ Politik</campo>
	</record>
	<record>
	<usuarioid>0</usuarioid>
	<padre>81</padre>
	<campo>11.2 Rechtswesen/ Regelungen/ Verwalrung</campo>
	</record>
	<record>
	<usuarioid>0</usuarioid>
	<padre>81</padre>
	<campo>11.3 Ideologien/ Religionen</campo>
	</record>
	<record>
	<usuarioid>0</usuarioid>
	<padre>0</padre>
	<campo>12 ARBEITS- UND BERUFSWELT</campo>
	</record>
	<record>
	<usuarioid>0</usuarioid>
	<padre>85</padre>
	<campo>12.1 Berufe und Beschäftigungen</campo>
	</record>
	<record>
	<usuarioid>0</usuarioid>
	<padre>85</padre>
	<campo>12.2 Arbeitsplatz</campo>
	</record>
	<record>
	<usuarioid>0</usuarioid>
	<padre>85</padre>
	<campo>12.3 Arbeitsbedingungen</campo>
	</record>
	<record>
	<usuarioid>0</usuarioid>
	<padre>0</padre>
	<campo>13 BETRIEBS- UND WIRTSCHAFTSLEBEN</campo>
	</record>
	<record>
	<usuarioid>0</usuarioid>
	<padre>89</padre>
	<campo>13.1 Geschäftsbetriebe und Handel</campo>
	</record>
	<record>
	<usuarioid>0</usuarioid>
	<padre>89</padre>
	<campo>13.2 Industrie und Gewerbe</campo>
	</record>
	<record>
	<usuarioid>0</usuarioid>
	<padre>89</padre>
	<campo>13.3 Wirtschafts- und Finanzangelegenheiten</campo>
	</record>
	<record>
	<usuarioid>0</usuarioid>
	<padre>89</padre>
	<campo>13.4 Werbung/ Marketing</campo>
	</record>
	<record>
	<usuarioid>0</usuarioid>
	<padre>0</padre>
	<campo>14 SCHULE UND AUSBILDUNG</campo>
	</record>
	<record>
	<usuarioid>0</usuarioid>
	<padre>94</padre>
	<campo>14.1 Bildungssystem</campo>
	</record>
	<record>
	<usuarioid>0</usuarioid>
	<padre>94</padre>
	<campo>14.2 Berufsausbildung</campo>
	</record>
	<record>
	<usuarioid>0</usuarioid>
	<padre>94</padre>
	<campo>14.3 Universitätsausbildung</campo>
	</record>
	<record>
	<usuarioid>0</usuarioid>
	<padre>0</padre>
	<campo>15 INFORMATIK</campo>
	</record>
	<record>
	<usuarioid>0</usuarioid>
	<padre>98</padre>
	<campo>15.1 Hardware</campo>
	</record>
	<record>
	<usuarioid>0</usuarioid>
	<padre>98</padre>
	<campo>15.2 Software</campo>
	</record>
	<record>
	<usuarioid>0</usuarioid>
	<padre>0</padre>
	<campo>16 WISSENSCHAFT/ TECHNOLOGIE</campo>
	</record>
	<record>
	<usuarioid>0</usuarioid>
	<padre>0</padre>
	<campo>17 MEDIZIN/ GESUNDHEITSWESEN</campo>
	</record>
	<record>
	<usuarioid>0</usuarioid>
	<padre>0</padre>
	<campo>18 SPRACHE UND SPRACHLICHE BESONDERHEITEN</campo>
	</record>
	<record>
	<usuarioid>0</usuarioid>
	<padre>103</padre>
	<campo>18.1 Sprachen</campo>
	</record>
	<record>
	<usuarioid>0</usuarioid>
	<padre>103</padre>
	<campo>18.2 Fachsprachen</campo>
	</record>
	<record>
	<usuarioid>0</usuarioid>
	<padre>103</padre>
	<campo>18.3 Grammatikalische Bezeichnungen</campo>
	</record>
</table>
	 
	  
