<?xml version="1.0" encoding="UTF-8" ?>
<table name="vocabulario_camposlexicos_fr">	
	<record>
	<usuarioid>0</usuarioid>
	<padre>0</padre>
	<campo>--</campo>
	</record>
	<record>
	<usuarioid>0</usuarioid>
	<padre>0</padre>
	<campo>1 L’ÊTRE HUMAIN</campo>
	</record>
	<record>
	<usuarioid>0</usuarioid>
	<padre>2</padre>
	<campo>1.1 Données personnelles</campo>
	</record>
	<record>
	<usuarioid>0</usuarioid>
	<padre>2</padre>
	<campo>1.2 Rapports avec d’autres personnes</campo>
	</record>
	<record>
	<usuarioid>0</usuarioid>
	<padre>2</padre>
	<campo>1.3 Aspect physique</campo>
	</record>
	<record>
	<usuarioid>0</usuarioid>
	<padre>2</padre>
	<campo>1.4 Qualités / Caractéristiques</campo>
	</record>
	<record>
	<usuarioid>0</usuarioid>
	<padre>2</padre>
	<campo>1.5 Émotions</campo>
	</record>
	<record>
	<usuarioid>0</usuarioid>
	<padre>2</padre>
	<campo>1.6 Santé</campo>
	</record>
	<record>
	<usuarioid>0</usuarioid>
	<padre>0</padre>
	<campo>2 L’ALIMENTATION / LA GASTRONOMIE</campo>
	</record>
	<record>
	<usuarioid>0</usuarioid>
	<padre>9</padre>
	<campo>2.1 Aliments</campo>
	</record>
	<record>
	<usuarioid>0</usuarioid>
	<padre>9</padre>
	<campo>2.2 Plats</campo>
	</record>
	<record>
	<usuarioid>0</usuarioid>
	<padre>11</padre>
	<campo>2.2.1 Recettes de cuisine</campo>
	</record>
	<record>
	<usuarioid>0</usuarioid>
	<padre>11</padre>
	<campo>2.2.2 Restaurants/ Bars, etc.</campo>
	</record>
	<record>
	<usuarioid>0</usuarioid>
	<padre>9</padre>
	<campo>2.3 Ustensiles de cuisine</campo>
	</record>
	<record>
	<usuarioid>0</usuarioid>
	<padre>0</padre>
	<campo>3 LE LOGEMENT/ LE DOMAINE DE L’INMOBILIÈRE</campo>
	</record>
	<record>
	<usuarioid>0</usuarioid>
	<padre>15</padre>
	<campo>
	3.1 Types de logement/ Bâtiments/ Parties de la maison
	</campo>
	</record>
	<record>
	<usuarioid>0</usuarioid>
	<padre>15</padre>
	<campo>3.2 Décoration/ Fourniture</campo>
	</record>
	<record>
	<usuarioid>0</usuarioid>
	<padre>15</padre>
	<campo>3.3 Location/ Vente</campo>
	</record>
	<record>
	<usuarioid>0</usuarioid>
	<padre>0</padre>
	<campo>
	4 LE CENTRE COMMERCIAL / DANS LES MAGASINS / FAIRE LES COURS
	</campo>
	</record>
	<record>
	<usuarioid>0</usuarioid>
	<padre>19</padre>
	<campo>4.1 Mode/ Vêtements</campo>
	</record>
	<record>
	<usuarioid>0</usuarioid>
	<padre>19</padre>
	<campo>4.2 Accessoires</campo>
	</record>
	<record>
	<usuarioid>0</usuarioid>
	<padre>19</padre>
	<campo>4.3 Parfumerie et soins personnels</campo>
	</record>
	<record>
	<usuarioid>0</usuarioid>
	<padre>0</padre>
	<campo>5 LES LOISIRS/ LA CULTURE/ L’ART</campo>
	</record>
	<record>
	<usuarioid>0</usuarioid>
	<padre>23</padre>
	<campo>5.1 Hobbies</campo>
	</record>
	<record>
	<usuarioid>0</usuarioid>
	<padre>24</padre>
	<campo>5.1.1 Sports</campo>
	</record>
	<record>
	<usuarioid>0</usuarioid>
	<padre>25</padre>
	<campo>5.1.1.1 Activités sportives</campo>
	</record>
	<record>
	<usuarioid>0</usuarioid>
	<padre>25</padre>
	<campo>5.1.1.2 Événements sportifs</campo>
	</record>
	<record>
	<usuarioid>0</usuarioid>
	<padre>23</padre>
	<campo>5.2 Événements</campo>
	</record>
	<record>
	<usuarioid>0</usuarioid>
	<padre>28</padre>
	<campo>5.2.1 Événements privés</campo>
	</record>
	<record>
	<usuarioid>0</usuarioid>
	<padre>28</padre>
	<campo>5.2.2 Événements publiques</campo>
	</record>
	<record>
	<usuarioid>0</usuarioid>
	<padre>23</padre>
	<campo>5.3 Musique</campo>
	</record>
	<record>
	<usuarioid>0</usuarioid>
	<padre>31</padre>
	<campo>5.3.1 Types</campo>
	</record>
	<record>
	<usuarioid>0</usuarioid>
	<padre>31</padre>
	<campo>5.3.2 Instruments</campo>
	</record>
	<record>
	<usuarioid>0</usuarioid>
	<padre>23</padre>
	<campo>5.4 Littérature</campo>
	</record>
	<record>
	<usuarioid>0</usuarioid>
	<padre>34</padre>
	<campo>5.4.1 Genres de littérature</campo>
	</record>
	<record>
	<usuarioid>0</usuarioid>
	<padre>34</padre>
	<campo>5.4.2 Périodes</campo>
	</record>
	<record>
	<usuarioid>0</usuarioid>
	<padre>23</padre>
	<campo>5.5 Théâtre/ Cinéma</campo>
	</record>
	<record>
	<usuarioid>0</usuarioid>
	<padre>37</padre>
	<campo>5.5.1 Affiches et programmes</campo>
	</record>
	<record>
	<usuarioid>0</usuarioid>
	<padre>37</padre>
	<campo>5.5.2 Genres</campo>
	</record>
	<record>
	<usuarioid>0</usuarioid>
	<padre>23</padre>
	<campo>5.6 Photographie</campo>
	</record>
	<record>
	<usuarioid>0</usuarioid>
	<padre>23</padre>
	<campo>5.7 Peinture</campo>
	</record>
	<record>
	<usuarioid>0</usuarioid>
	<padre>41</padre>
	<campo>5.7.1 Couleurs</campo>
	</record>
	<record>
	<usuarioid>0</usuarioid>
	<padre>41</padre>
	<campo>5.7.2 Mouvements</campo>
	</record>
	<record>
	<usuarioid>0</usuarioid>
	<padre>0</padre>
	<campo>6 LA COMMUNICATION: LA FORME ET LES MÉDIAS</campo>
	</record>
	<record>
	<usuarioid>0</usuarioid>
	<padre>44</padre>
	<campo>6.1 Communication orale</campo>
	</record>
	<record>
	<usuarioid>0</usuarioid>
	<padre>45</padre>
	<campo>6.1.1 Communication orale dans la sphère privée</campo>
	</record>
	<record>
	<usuarioid>0</usuarioid>
	<padre>46</padre>
	<campo>6.1.1.1 Interactive</campo>
	</record>
	<record>
	<usuarioid>0</usuarioid>
	<padre>46</padre>
	<campo>6.1.1.2 Dans un discours</campo>
	</record>
	<record>
	<usuarioid>0</usuarioid>
	<padre>45</padre>
	<campo>6.1.2 Communication orale dans la sphère publique</campo>
	</record>
	<record>
	<usuarioid>0</usuarioid>
	<padre>49</padre>
	<campo>6.1.2.1 Interactive</campo>
	</record>
	<record>
	<usuarioid>0</usuarioid>
	<padre>49</padre>
	<campo>6.1.2.2 Dans un discours</campo>
	</record>
	<record>
	<usuarioid>0</usuarioid>
	<padre>44</padre>
	<campo>6.2 Courrier</campo>
	</record>
	<record>
	<usuarioid>0</usuarioid>
	<padre>52</padre>
	<campo>6.2.1 Courrier privé</campo>
	</record>
	<record>
	<usuarioid>0</usuarioid>
	<padre>52</padre>
	<campo>6.2.2 Courrier formel</campo>
	</record>
	<record>
	<usuarioid>0</usuarioid>
	<padre>44</padre>
	<campo>6.3 Presse</campo>
	</record>
	<record>
	<usuarioid>0</usuarioid>
	<padre>55</padre>
	<campo>6.3.1 Sondages</campo>
	</record>
	<record>
	<usuarioid>0</usuarioid>
	<padre>44</padre>
	<campo>6.4 Radio/ Télévision</campo>
	</record>
	<record>
	<usuarioid>0</usuarioid>
	<padre>44</padre>
	<campo>6.5 Téléphone</campo>
	</record>
	<record>
	<usuarioid>0</usuarioid>
	<padre>44</padre>
	<campo>6.6 Internet</campo>
	</record>
	<record>
	<usuarioid>0</usuarioid>
	<padre>0</padre>
	<campo>7 LES VOYAGES/ LE TOURISME</campo>
	</record>
	<record>
	<usuarioid>0</usuarioid>
	<padre>60</padre>
	<campo>7.1 Façons de voyager</campo>
	</record>
	<record>
	<usuarioid>0</usuarioid>
	<padre>61</padre>
	<campo>7.1.1 Voyages de luxe</campo>
	</record>
	<record>
	<usuarioid>0</usuarioid>
	<padre>61</padre>
	<campo>7.1.2 Voyages en backpack</campo>
	</record>
	<record>
	<usuarioid>0</usuarioid>
	<padre>61</padre>
	<campo>7.1.3 Voyages culturels</campo>
	</record>
	<record>
	<usuarioid>0</usuarioid>
	<padre>61</padre>
	<campo>7.1.4 Voyages en famille</campo>
	</record>
	<record>
	<usuarioid>0</usuarioid>
	<padre>60</padre>
	<campo>7.2 Accommodation</campo>
	</record>
	<record>
	<usuarioid>0</usuarioid>
	<padre>66</padre>
	<campo>7.2.1 Lieux d’accommodation</campo>
	</record>
	<record>
	<usuarioid>0</usuarioid>
	<padre>66</padre>
	<campo>7.2.2 Services d’accommodation</campo>
	</record>
	<record>
	<usuarioid>0</usuarioid>
	<padre>0</padre>
	<campo>8 LES TRANSPORTS/ L’ORIENTATION</campo>
	</record>
	<record>
	<usuarioid>0</usuarioid>
	<padre>69</padre>
	<campo>8.1 Moyens de transport</campo>
	</record>
	<record>
	<usuarioid>0</usuarioid>
	<padre>69</padre>
	<campo>8.2 Circulation</campo>
	</record>
	<record>
	<usuarioid>0</usuarioid>
	<padre>69</padre>
	<campo>8.3 Orientation</campo>
	</record>
	<record>
	<usuarioid>0</usuarioid>
	<padre>72</padre>
	<campo>8.3.1 Points cardinaux</campo>
	</record>
	<record>
	<usuarioid>0</usuarioid>
	<padre>72</padre>
	<campo>8.3.2 D’autres indicateurs de la direction</campo>
	</record>
	<record>
	<usuarioid>0</usuarioid>
	<padre>0</padre>
	<campo>9 LES DIVISIONS DU TEMPS</campo>
	</record>
	<record>
	<usuarioid>0</usuarioid>
	<padre>75</padre>
	<campo>9.1 Termes généraux</campo>
	</record>
	<record>
	<usuarioid>0</usuarioid>
	<padre>75</padre>
	<campo>9.2 Saisons/ Mois</campo>
	</record>
	<record>
	<usuarioid>0</usuarioid>
	<padre>75</padre>
	<campo>9.3 Jours de la semaine et parties du jour</campo>
	</record>
	<record>
	<usuarioid>0</usuarioid>
	<padre>75</padre>
	<campo>9.4 L’heure</campo>
	</record>
	<record>
	<usuarioid>0</usuarioid>
	<padre>0</padre>
	<campo>10 LA GÉOGRAPHIE/ L’ENVIRONEMMENT</campo>
	</record>
	<record>
	<usuarioid>0</usuarioid>
	<padre>0</padre>
	<campo>11 LA SOCIÉTÉ</campo>
	</record>
	<record>
	<usuarioid>0</usuarioid>
	<padre>81</padre>
	<campo>11.1 État/ Politique</campo>
	</record>
	<record>
	<usuarioid>0</usuarioid>
	<padre>81</padre>
	<campo>11.2 Droit/ Réglementations/ Administration</campo>
	</record>
	<record>
	<usuarioid>0</usuarioid>
	<padre>81</padre>
	<campo>11.3 Idéologies/ Religions</campo>
	</record>
	<record>
	<usuarioid>0</usuarioid>
	<padre>0</padre>
	<campo>12 LE MONDE DU TRAVAIL</campo>
	</record>
	<record>
	<usuarioid>0</usuarioid>
	<padre>85</padre>
	<campo>12.1 Professions et métiers</campo>
	</record>
	<record>
	<usuarioid>0</usuarioid>
	<padre>85</padre>
	<campo>12.2 Lieu de travail</campo>
	</record>
	<record>
	<usuarioid>0</usuarioid>
	<padre>85</padre>
	<campo>12.3 Conditions du travail</campo>
	</record>
	<record>
	<usuarioid>0</usuarioid>
	<padre>0</padre>
	<campo>13 LE MONDE DE L’ENTREPRISE / ÉCONOMIE</campo>
	</record>
	<record>
	<usuarioid>0</usuarioid>
	<padre>89</padre>
	<campo>13.1 Entreprises et commerces</campo>
	</record>
	<record>
	<usuarioid>0</usuarioid>
	<padre>89</padre>
	<campo>13.2 Industrie</campo>
	</record>
	<record>
	<usuarioid>0</usuarioid>
	<padre>89</padre>
	<campo>13.3 Aspects économiques et financiers</campo>
	</record>
	<record>
	<usuarioid>0</usuarioid>
	<padre>89</padre>
	<campo>13.4 Publicité/ Marketing</campo>
	</record>
	<record>
	<usuarioid>0</usuarioid>
	<padre>0</padre>
	<campo>14 LA FORMATION ET L’ENSEIGNEMENT</campo>
	</record>
	<record>
	<usuarioid>0</usuarioid>
	<padre>94</padre>
	<campo>14.1 Système éducatif</campo>
	</record>
	<record>
	<usuarioid>0</usuarioid>
	<padre>94</padre>
	<campo>14.2 Formation professionnel</campo>
	</record>
	<record>
	<usuarioid>0</usuarioid>
	<padre>94</padre>
	<campo>14.3 Formation universitaire</campo>
	</record>
	<record>
	<usuarioid>0</usuarioid>
	<padre>0</padre>
	<campo>15 L’INFORMATIQUE</campo>
	</record>
	<record>
	<usuarioid>0</usuarioid>
	<padre>98</padre>
	<campo>15.1 Hardware</campo>
	</record>
	<record>
	<usuarioid>0</usuarioid>
	<padre>98</padre>
	<campo>15.2 Software</campo>
	</record>
	<record>
	<usuarioid>0</usuarioid>
	<padre>0</padre>
	<campo>16 LA SCIENCE/ LA TECHNOLOGIE</campo>
	</record>
	<record>
	<usuarioid>0</usuarioid>
	<padre>0</padre>
	<campo>17 LA MÉDECINE/ LA SANTÉ</campo>
	</record>
	<record>
	<usuarioid>0</usuarioid>
	<padre>0</padre>
	<campo>18 LA LANGUE</campo>
	</record>
	<record>
	<usuarioid>0</usuarioid>
	<padre>103</padre>
	<campo>18.1 Langues</campo>
	</record>
	<record>
	<usuarioid>0</usuarioid>
	<padre>103</padre>
	<campo>18.2 Aspects linguistiques (Ex.: FACHCHINESISCH)</campo>
	</record>
	<record>
	<usuarioid>0</usuarioid>
	<padre>103</padre>
	<campo>18.3 Dénomination en grammaire</campo>
	</record>
</table>
