<?xml version="1.0" encoding="UTF-8" ?>
<table name="vocabulario_camposlexicos_pl">
	<record>
	<usuarioid>0</usuarioid>
	<padre>0</padre>
	<intencion>--</intencion>
	</record>
	<record>
	<usuarioid>0</usuarioid>
	<padre>0</padre>
	<intencion>1. STOSUNKI MI?DZYLUDZIKIE</intencion>
	</record>
	<record>
	<usuarioid>0</usuarioid>
	<padre>2</padre>
	<intencion>1.1 Tytu?owanie kogo?</intencion>
	</record>
	<record>
	<usuarioid>0</usuarioid>
	<padre>2</padre>
	<intencion>1.2 Okre?lenia osób</intencion>
	</record>
	<record>
	<usuarioid>0</usuarioid>
	<padre>0</padre>
	<intencion>5. UDOWADNIANIE (PRZYCZYNOWO??)</intencion>
	</record>
	<record>
	<usuarioid>0</usuarioid>
	<padre>0</padre>
	<intencion>6. STAWIANIE WARUNKÓW</intencion>
	</record>
	<record>
	<usuarioid>0</usuarioid>
	<padre>6</padre>
	<intencion>6.1 Mo?liwy warunek</intencion>
	</record>
	<record>
	<usuarioid>0</usuarioid>
	<padre>6</padre>
	<intencion>6.2 Warunek ma?oprawdopodobny</intencion>
	</record>
	<record>
	<usuarioid>0</usuarioid>
	<padre>6</padre>
	<intencion>6.3 Niemo?liwy warunek</intencion>
	</record>
	<record>
	<usuarioid>0</usuarioid>
	<padre>0</padre>
	<intencion>4. CEL</intencion>
	</record>
	<record>
	<usuarioid>0</usuarioid>
	<padre>10</padre>
	<intencion>4.1 Dzia?ania w konkretnym celu</intencion>
	</record>
	<record>
	<usuarioid>0</usuarioid>
	<padre>10</padre>
	<intencion>4.2 ?rodki u?yte w konkretnym celu</intencion>
	</record>
	<record>
	<usuarioid>0</usuarioid>
	<padre>0</padre>
	<intencion>7. WYRA?ANIE KONSEKWENCJI</intencion>
	</record>
	<record>
	<usuarioid>0</usuarioid>
	<padre>0</padre>
	<intencion>9. WYRA?ANIE ZGODY/ZEZWOLENIE</intencion>
	</record>
	<record>
	<usuarioid>0</usuarioid>
	<padre>0</padre>
	<intencion>10 PORÓWNYWANIE</intencion>
	</record>
	<record>
	<usuarioid>0</usuarioid>
	<padre>15</padre>
	<intencion>10.1 Jednakowo?? I podobie?stwo</intencion>
	</record>
	<record>
	<usuarioid>0</usuarioid>
	<padre>15</padre>
	<intencion>10.2 Proporcjonalno??</intencion>
	</record>
	<record>
	<usuarioid>0</usuarioid>
	<padre>15</padre>
	<intencion>10.3 Ro?nice</intencion>
	</record>
	<record>
	<usuarioid>0</usuarioid>
	<padre>15</padre>
	<intencion>10.4 Zaprzeczanie</intencion>
	</record>
	<record>
	<usuarioid>0</usuarioid>
	<padre>0</padre>
	<intencion>2. ??DANIA</intencion>
	</record>
	<record>
	<usuarioid>0</usuarioid>
	<padre>20</padre>
	<intencion>2.1 Rozkazywanie</intencion>
	</record>
	<record>
	<usuarioid>0</usuarioid>
	<padre>20</padre>
	<intencion>2.2 Informowanie i ostrzeganie</intencion>
	</record>
	<record>
	<usuarioid>0</usuarioid>
	<padre>20</padre>
	<intencion>2.3 Pro?ba</intencion>
	</record>
	<record>
	<usuarioid>0</usuarioid>
	<padre>20</padre>
	<intencion>2.4 Namawianie</intencion>
	</record>
	<record>
	<usuarioid>0</usuarioid>
	<padre>20</padre>
	<intencion>2.5 Proponowanie</intencion>
	</record>
	<record>
	<usuarioid>0</usuarioid>
	<padre>20</padre>
	<intencion>2.6 Oferowanie</intencion>
	</record>
	<record>
	<usuarioid>0</usuarioid>
	<padre>20</padre>
	<intencion>2.7 Rekomendowanie</intencion>
	</record>
	<record>
	<usuarioid>0</usuarioid>
	<padre>20</padre>
	<intencion>2.8 Udzielanie instrukcji</intencion>
	</record>
	<record>
	<usuarioid>0</usuarioid>
	<padre>0</padre>
	<intencion>3. WYRA?ANIE UPODOBA?, ?YCZE? I UCZU?</intencion>
	</record>
	<record>
	<usuarioid>0</usuarioid>
	<padre>0</padre>
	<intencion>13. PRZYPUSZCZENIA</intencion>
	</record>
	<record>
	<usuarioid>0</usuarioid>
	<padre>3</padre>
	<intencion>1.1.1 Zwracanie si? bezpo?rednio, osobowo</intencion>
	</record>
	<record>
	<usuarioid>0</usuarioid>
	<padre>3</padre>
	<intencion>1.1.2 Zwracanie si? nieosobowo</intencion>
	</record>
	<record>
	<usuarioid>0</usuarioid>
	<padre>4</padre>
	<intencion>1.2.1 Zwracanie si? osobowo</intencion>
	</record>
	<record>
	<usuarioid>0</usuarioid>
	<padre>4</padre>
	<intencion>1.2.2 Zwracanie si? nieosobowo</intencion>
	</record>
	<record>
	<usuarioid>0</usuarioid>
	<padre>2</padre>
	<intencion>1.3 Komunikacja mi?dzyludzka</intencion>
	</record>
	<record>
	<usuarioid>0</usuarioid>
	<padre>35</padre>
	<intencion>1.3.1 Przedstawianie si?, siebie i innych</intencion>
	</record>
	<record>
	<usuarioid>0</usuarioid>
	<padre>35</padre>
	<intencion>1.3.2 Powitania, po?egnania</intencion>
	</record>
	<record>
	<usuarioid>0</usuarioid>
	<padre>35</padre>
	<intencion>1.3.3 Podzi?kowania</intencion>
	</record>
	<record>
	<usuarioid>0</usuarioid>
	<padre>35</padre>
	<intencion>1.3.4 Gratulowanie</intencion>
	</record>
	<record>
	<usuarioid>0</usuarioid>
	<padre>35</padre>
	<intencion>1.3.5 Przeprosiny</intencion>
	</record>
	<record>
	<usuarioid>0</usuarioid>
	<padre>35</padre>
	<intencion>1.3.6 Formu?owanie ?ycze?</intencion>
	</record>
	<record>
	<usuarioid>0</usuarioid>
	<padre>35</padre>
	<intencion>1.3.7 Wyra?anie zainteresowania</intencion>
	</record>
	<record>
	<usuarioid>0</usuarioid>
	<padre>35</padre>
	<intencion>1.3.8 Wyra?anie wspó?czucia</intencion>
	</record>
	<record>
	<usuarioid>0</usuarioid>
	<padre>35</padre>
	<intencion>1.3.9 Wyra?anie w?tpliwo?ci, niedowie?anie</intencion>
	</record>
	<record>
	<usuarioid>0</usuarioid>
	<padre>29</padre>
	<intencion>3.1 Wyra?anie upodoba? i preferencji</intencion>
	</record>
	<record>
	<usuarioid>0</usuarioid>
	<padre>29</padre>
	<intencion>3.2 Formu?owanie ?ycze?</intencion>
	</record>
	<record>
	<usuarioid>0</usuarioid>
	<padre>29</padre>
	<intencion>3.3 Okazywanie uczu?</intencion>
	</record>
	<record>
	<usuarioid>0</usuarioid>
	<padre>47</padre>
	<intencion>3.3.1 Rezygnowanie</intencion>
	</record>
	<record>
	<usuarioid>0</usuarioid>
	<padre>47</padre>
	<intencion>3.3.2 Zaskoczenie</intencion>
	</record>
	<record>
	<usuarioid>0</usuarioid>
	<padre>47</padre>
	<intencion>3.3.3 Zmartwienie</intencion>
	</record>
	<record>
	<usuarioid>0</usuarioid>
	<padre>47</padre>
	<intencion>3.3.4 Obra?anie si?</intencion>
	</record>
	<record>
	<usuarioid>0</usuarioid>
	<padre>47</padre>
	<intencion>3.3.5 Rado??</intencion>
	</record>
	<record>
	<usuarioid>0</usuarioid>
	<padre>0</padre>
	<intencion>8. WYRA?ANIE ZGODY/NIEZGODY</intencion>
	</record>
	<record>
	<usuarioid>0</usuarioid>
	<padre>0</padre>
	<intencion>11. OGRANICZANIE</intencion>
	</record>
	<record>
	<usuarioid>0</usuarioid>
	<padre>0</padre>
	<intencion>12. DODAWANIE INFROMACJI/.WYLICZANIE</intencion>
	</record>
	<record>
	<usuarioid>0</usuarioid>
	<padre>0</padre>
	<intencion>14. REFEROWANIE</intencion>
	</record>
	<record>
	<usuarioid>0</usuarioid>
	<padre>0</padre>
	<intencion>15. OKRESOWO??/TYMCZASOWO??</intencion>
	</record>
	<record>
	<usuarioid>0</usuarioid>
	<padre>57</padre>
	<intencion>15.1 Uprzednio??</intencion>
	</record>
	<record>
	<usuarioid>0</usuarioid>
	<padre>57</padre>
	<intencion>15.2 Nast?pstwo</intencion>
	</record>
	<record>
	<usuarioid>0</usuarioid>
	<padre>57</padre>
	<intencion>15.3 Równoczesnos?</intencion>
	</record>
	<record>
	<usuarioid>0</usuarioid>
	<padre>57</padre>
	<intencion>15.4 Trwanie</intencion>
	</record>
	<record>
	<usuarioid>0</usuarioid>
	<padre>57</padre>
	<intencion>15.5 Powtarzanie</intencion>
	</record>
	<record>
	<usuarioid>0</usuarioid>
	<padre>0</padre>
	<intencion>16. WYRA?ANIE POTRZEBY, MO?LIWO?CI I ZDOLNO?CI</intencion>
	</record>
	<record>
	<usuarioid>0</usuarioid>
	<padre>63</padre>
	<intencion>16.1 Potrzeba</intencion>
	</record>
	<record>
	<usuarioid>0</usuarioid>
	<padre>63</padre>
	<intencion>16.2 Mo?liwos?</intencion>
	</record>
	<record>
	<usuarioid>0</usuarioid>
	<padre>63</padre>
	<intencion>16.3 Zdolno??</intencion>
	</record>
	<record>
	<usuarioid>0</usuarioid>
	<padre>0</padre>
	<intencion>17. PRZEDSTAWIANIE FAKTÓW</intencion>
	</record>
	<record>
	<usuarioid>2</usuarioid>
	<padre>31</padre>
	<intencion>1.1.1.1 Test</intencion>
	</record>
	<record>
	<usuarioid>2</usuarioid>
	<padre>25</padre>
	<intencion>Test</intencion>
	</record>
	<record>
	<usuarioid>2</usuarioid>
	<padre>47</padre>
	<intencion>indiferencia</intencion>
	</record>
	<record>
	<usuarioid>2</usuarioid>
	<padre>51</padre>
	<intencion>Humillación</intencion>
	</record>
	<record>
	<usuarioid>2</usuarioid>
	<padre>29</padre>
	<intencion>Expresar voluntad</intencion>
	</record>
	</table>
