<?xml version="1.0" encoding="UTF-8" ?>
<table name="vocabulario_intenciones_es">
	<record>
	<usuarioid>0</usuarioid>
	<padre>0</padre>
	<intencion>--</intencion>
	<ordenid></ordenid>
	</record>
	<record>
	<usuarioid>0</usuarioid>
	<padre>0</padre>
	<intencion>RELACIONARSE SOCIALMENTE...</intencion>
	<ordenid>1</ordenid>
	</record>
	<record>
	<usuarioid>0</usuarioid>
	<padre>2</padre>
	<intencion>Formas de tratamiento</intencion>
	<ordenid></ordenid>
	</record>
	<record>
	<usuarioid>0</usuarioid>
	<padre>2</padre>
	<intencion>Denominaciones para personas</intencion>
	<ordenid></ordenid>
	</record>
	<record>
	<usuarioid>0</usuarioid>
	<padre>0</padre>
	<intencion>JUSTIFICAR (CAUSALIDAD)</intencion>
	<ordenid>5</ordenid>
	</record>
	<record>
	<usuarioid>0</usuarioid>
	<padre>0</padre>
	<intencion>EXPRESAR CONDICIÓN</intencion>
	<ordenid>6</ordenid>
	</record>
	<record>
	<usuarioid>0</usuarioid>
	<padre>6</padre>
	<intencion>Condición posible</intencion>
	<ordenid></ordenid>
	</record>
	<record>
	<usuarioid>0</usuarioid>
	<padre>6</padre>
	<intencion>Condición improbable</intencion>
	<ordenid></ordenid>
	</record>
	<record>
	<usuarioid>0</usuarioid>
	<padre>6</padre>
	<intencion>Condición imposible</intencion>
	<ordenid></ordenid>
	</record>
	<record>
	<usuarioid>0</usuarioid>
	<padre>0</padre>
	<intencion>CONSEGUIR ALGO (FINALIDAD)</intencion>
	<ordenid>4</ordenid>
	</record>
	<record>
	<usuarioid>0</usuarioid>
	<padre>10</padre>
	<intencion>Acciones orientadas a un fin</intencion>
	<ordenid></ordenid>
	</record>
	<record>
	<usuarioid>0</usuarioid>
	<padre>10</padre>
	<intencion>Medios empleados para un fin</intencion>
	<ordenid></ordenid>
	</record>
	<record>
	<usuarioid>0</usuarioid>
	<padre>0</padre>
	<intencion>EXPRESAR CONSECUENCIA</intencion>
	<ordenid>7</ordenid>
	</record>
	<record>
	<usuarioid>0</usuarioid>
	<padre>0</padre>
	<intencion>EXPRESAR CONCESIÓN</intencion>
	<ordenid>9</ordenid>
	</record>
	<record>
	<usuarioid>0</usuarioid>
	<padre>0</padre>
	<intencion>COMPARAR</intencion>
	<ordenid>10</ordenid>
	</record>
	<record>
	<usuarioid>0</usuarioid>
	<padre>15</padre>
	<intencion>Igualdad y semejanza</intencion>
	<ordenid></ordenid>
	</record>
	<record>
	<usuarioid>0</usuarioid>
	<padre>15</padre>
	<intencion>Proporcionalidad</intencion>
	<ordenid></ordenid>
	</record>
	<record>
	<usuarioid>0</usuarioid>
	<padre>15</padre>
	<intencion>Diferencia</intencion>
	<ordenid></ordenid>
	</record>
	<record>
	<usuarioid>0</usuarioid>
	<padre>15</padre>
	<intencion>Contraposición/Adversatividad</intencion>
	<ordenid></ordenid>
	</record>
	<record>
	<usuarioid>0</usuarioid>
	<padre>0</padre>
	<intencion>APELAR AL RECEPTOR</intencion>
	<ordenid>2</ordenid>
	</record>
	<record>
	<usuarioid>0</usuarioid>
	<padre>20</padre>
	<intencion>Dar órdenes</intencion>
	<ordenid></ordenid>
	</record>
	<record>
	<usuarioid>0</usuarioid>
	<padre>20</padre>
	<intencion>Avisar y advertir</intencion>
	<ordenid></ordenid>
	</record>
	<record>
	<usuarioid>0</usuarioid>
	<padre>20</padre>
	<intencion>Pedir algo</intencion>
	<ordenid></ordenid>
	</record>
	<record>
	<usuarioid>0</usuarioid>
	<padre>20</padre>
	<intencion>Incitar</intencion>
	<ordenid></ordenid>
	</record>
	<record>
	<usuarioid>0</usuarioid>
	<padre>20</padre>
	<intencion>Proponer</intencion>
	<ordenid></ordenid>
	</record>
	<record>
	<usuarioid>0</usuarioid>
	<padre>20</padre>
	<intencion>Ofrecer</intencion>
	<ordenid></ordenid>
	</record>
	<record>
	<usuarioid>0</usuarioid>
	<padre>20</padre>
	<intencion>Recomendar</intencion>
	<ordenid></ordenid>
	</record>
	<record>
	<usuarioid>0</usuarioid>
	<padre>20</padre>
	<intencion>Dar instrucciones</intencion>
	<ordenid></ordenid>
	</record>
	<record>
	<usuarioid>0</usuarioid>
	<padre>0</padre>
	<intencion>EXPRESAR GUSTOS, DESEOS Y SENTIMIENTOS</intencion>
	<ordenid>3</ordenid>
	</record>
	<record>
	<usuarioid>0</usuarioid>
	<padre>0</padre>
	<intencion>HACER SUPOSICIONES</intencion>
	<ordenid>13</ordenid>
	</record>
	<record>
	<usuarioid>0</usuarioid>
	<padre>3</padre>
	<intencion>Expresarse de forma personal</intencion>
	<ordenid></ordenid>
	</record>
	<record>
	<usuarioid>0</usuarioid>
	<padre>3</padre>
	<intencion>Expresarse de forma impersonal</intencion>
	<ordenid></ordenid>
	</record>
	<record>
	<usuarioid>0</usuarioid>
	<padre>4</padre>
	<intencion>Expresarse de forma personal</intencion>
	<ordenid></ordenid>
	</record>
	<record>
	<usuarioid>0</usuarioid>
	<padre>4</padre>
	<intencion>Expresarse de forma impersonal</intencion>
	<ordenid></ordenid>
	</record>
	<record>
	<usuarioid>0</usuarioid>
	<padre>2</padre>
	<intencion>Actos interpersonales</intencion>
	<ordenid></ordenid>
	</record>
	<record>
	<usuarioid>0</usuarioid>
	<padre>35</padre>
	<intencion>Presentarse o presentar a alguien</intencion>
	<ordenid></ordenid>
	</record>
	<record>
	<usuarioid>0</usuarioid>
	<padre>35</padre>
	<intencion>Saludar</intencion>
	<ordenid></ordenid>
	</record>
	<record>
	<usuarioid>0</usuarioid>
	<padre>35</padre>
	<intencion>Agradecer</intencion>
	<ordenid></ordenid>
	</record>
	<record>
	<usuarioid>0</usuarioid>
	<padre>35</padre>
	<intencion>Felicitar</intencion>
	<ordenid></ordenid>
	</record>
	<record>
	<usuarioid>0</usuarioid>
	<padre>35</padre>
	<intencion>Disculparse</intencion>
	<ordenid></ordenid>
	</record>
	<record>
	<usuarioid>0</usuarioid>
	<padre>35</padre>
	<intencion>Formular buenos deseos</intencion>
	<ordenid></ordenid>
	</record>
	<record>
	<usuarioid>0</usuarioid>
	<padre>35</padre>
	<intencion>Expresar interés</intencion>
	<ordenid></ordenid>
	</record>
	<record>
	<usuarioid>0</usuarioid>
	<padre>35</padre>
	<intencion>Expresar compasión</intencion>
	<ordenid></ordenid>
	</record>
	<record>
	<usuarioid>0</usuarioid>
	<padre>35</padre>
	<intencion>Expresar incredulidad</intencion>
	<ordenid></ordenid>
	</record>
	<record>
	<usuarioid>0</usuarioid>
	<padre>29</padre>
	<intencion>Expresar gustos y preferencias</intencion>
	<ordenid></ordenid>
	</record>
	<record>
	<usuarioid>0</usuarioid>
	<padre>29</padre>
	<intencion>Formular deseos</intencion>
	<ordenid></ordenid>
	</record>
	<record>
	<usuarioid>0</usuarioid>
	<padre>29</padre>
	<intencion>Manifestar sentimientos</intencion>
	<ordenid></ordenid>
	</record>
	<record>
	<usuarioid>0</usuarioid>
	<padre>47</padre>
	<intencion>Resignación</intencion>
	<ordenid></ordenid>
	</record>
	<record>
	<usuarioid>0</usuarioid>
	<padre>47</padre>
	<intencion>Sorpresa</intencion>
	<ordenid></ordenid>
	</record>
	<record>
	<usuarioid>0</usuarioid>
	<padre>47</padre>
	<intencion>Preocupación</intencion>
	<ordenid></ordenid>
	</record>
	<record>
	<usuarioid>0</usuarioid>
	<padre>47</padre>
	<intencion>Enfado</intencion>
	<ordenid></ordenid>
	</record>
	<record>
	<usuarioid>0</usuarioid>
	<padre>47</padre>
	<intencion>Alegría</intencion>
	<ordenid></ordenid>
	</record>
	<record>
	<usuarioid>0</usuarioid>
	<padre>0</padre>
	<intencion>EXPRESAR ACUERDO/DESACUERDO</intencion>
	<ordenid>8</ordenid>
	</record>
	<record>
	<usuarioid>0</usuarioid>
	<padre>0</padre>
	<intencion>EXPRESAR RESTRICCIÓN</intencion>
	<ordenid>11</ordenid>
	</record>
	<record>
	<usuarioid>0</usuarioid>
	<padre>0</padre>
	<intencion>AÑADIR INFORMACIÓN/ENUMERAR</intencion>
	<ordenid>12</ordenid>
	</record>
	<record>
	<usuarioid>0</usuarioid>
	<padre>0</padre>
	<intencion>REFERIR INFORMACIONES</intencion>
	<ordenid>14</ordenid>
	</record>
	<record>
	<usuarioid>0</usuarioid>
	<padre>0</padre>
	<intencion>EXPRESAR TEMPORALIDAD</intencion>
	<ordenid>15</ordenid>
	</record>
	<record>
	<usuarioid>0</usuarioid>
	<padre>57</padre>
	<intencion>Anterioridad</intencion>
	<ordenid></ordenid>
	</record>
	<record>
	<usuarioid>0</usuarioid>
	<padre>57</padre>
	<intencion>Posterioridad</intencion>
	<ordenid></ordenid>
	</record>
	<record>
	<usuarioid>0</usuarioid>
	<padre>57</padre>
	<intencion>Simultaneidad</intencion>
	<ordenid></ordenid>
	</record>
	<record>
	<usuarioid>0</usuarioid>
	<padre>57</padre>
	<intencion>Duración</intencion>
	<ordenid></ordenid>
	</record>
	<record>
	<usuarioid>0</usuarioid>
	<padre>57</padre>
	<intencion>Repetición</intencion>
	<ordenid></ordenid>
	</record>
	<record>
	<usuarioid>0</usuarioid>
	<padre>0</padre>
	<intencion>EXPRESAR NECESIDAD, POSIBILIDAD Y CAPACIDAD</intencion>
	<ordenid>16</ordenid>
	</record>
	<record>
	<usuarioid>0</usuarioid>
	<padre>63</padre>
	<intencion>Necesidad</intencion>
	<ordenid></ordenid>
	</record>
	<record>
	<usuarioid>0</usuarioid>
	<padre>63</padre>
	<intencion>Posibilidad</intencion>
	<ordenid></ordenid>
	</record>
	<record>
	<usuarioid>0</usuarioid>
	<padre>63</padre>
	<intencion>Capacidad</intencion>
	<ordenid></ordenid>
	</record>
	<record>
	<usuarioid>0</usuarioid>
	<padre>0</padre>
	<intencion>EXPONER HECHOS</intencion>
	<ordenid>17</ordenid>
	</record>
	</table>
	
