<?xml version="1.0" encoding="UTF-8" ?>
<table name="vocabulario_intenciones_de">
	<record>
	<usuarioid>0</usuarioid>
	<padre>0</padre>
	<intencion>--</intencion>
	</record>
	<record>
	<usuarioid>0</usuarioid>
	<padre>0</padre>
	<intencion>1. SOZIALE BEZIEHUNGEN</intencion>
	</record>
	<record>
	<usuarioid>0</usuarioid>
	<padre>2</padre>
	<intencion>1.1 Personen anreden</intencion>
	</record>
	<record>
	<usuarioid>0</usuarioid>
	<padre>2</padre>
	<intencion>1.2 Personen benennen</intencion>
	</record>
	<record>
	<usuarioid>0</usuarioid>
	<padre>0</padre>
	<intencion>5. BEGRÜNDEN (KAUSALITÄT)</intencion>
	</record>
	<record>
	<usuarioid>0</usuarioid>
	<padre>0</padre>
	<intencion>6. BEDINGUNGEN STELLEN (KONDITION)</intencion>
	</record>
	<record>
	<usuarioid>0</usuarioid>
	<padre>6</padre>
	<intencion>6.1 Potentielle Bedingung</intencion>
	</record>
	<record>
	<usuarioid>0</usuarioid>
	<padre>6</padre>
	<intencion>6.2 Hypothetische Bedingung</intencion>
	</record>
	<record>
	<usuarioid>0</usuarioid>
	<padre>6</padre>
	<intencion>6.3 Nicht realisierbare Bedingung</intencion>
	</record>
	<record>
	<usuarioid>0</usuarioid>
	<padre>0</padre>
	<intencion>4. FINALITÄT</intencion>
	</record>
	<record>
	<usuarioid>0</usuarioid>
	<padre>10</padre>
	<intencion>4.1 Zielgerichtetheit von Handlungen</intencion>
	</record>
	<record>
	<usuarioid>0</usuarioid>
	<padre>10</padre>
	<intencion>4.2 Zweckbestimmtheit von Mitteln</intencion>
	</record>
	<record>
	<usuarioid>0</usuarioid>
	<padre>0</padre>
	<intencion>7. FOLGEN UND KONSEQUENZEN</intencion>
	</record>
	<record>
	<usuarioid>0</usuarioid>
	<padre>0</padre>
	<intencion>9. WIDERSPRÜCHE FORMULIEREN (KONZESSIVITÄT)</intencion>
	</record>
	<record>
	<usuarioid>0</usuarioid>
	<padre>0</padre>
	<intencion>10. VERGLEICHEN</intencion>
	</record>
	<record>
	<usuarioid>0</usuarioid>
	<padre>15</padre>
	<intencion>10.1 Gleichheit und Ähnlichkeit</intencion>
	</record>
	<record>
	<usuarioid>0</usuarioid>
	<padre>15</padre>
	<intencion>10.2 Proportionalität</intencion>
	</record>
	<record>
	<usuarioid>0</usuarioid>
	<padre>15</padre>
	<intencion>10.3 Ungleichheit</intencion>
	</record>
	<record>
	<usuarioid>0</usuarioid>
	<padre>15</padre>
	<intencion>10.4 Gegensätzlichkeit/ Verschiedenheit</intencion>
	</record>
	<record>
	<usuarioid>0</usuarioid>
	<padre>0</padre>
	<intencion>2. AUFFORDERUNGEN</intencion>
	</record>
	<record>
	<usuarioid>0</usuarioid>
	<padre>20</padre>
	<intencion>2.1 Anordnen, befehlen</intencion>
	</record>
	<record>
	<usuarioid>0</usuarioid>
	<padre>20</padre>
	<intencion>2.2 Hinweisen, warnen</intencion>
	</record>
	<record>
	<usuarioid>0</usuarioid>
	<padre>20</padre>
	<intencion>2.3 Bitten, formulieren</intencion>
	</record>
	<record>
	<usuarioid>0</usuarioid>
	<padre>20</padre>
	<intencion>2.4 Zuraten, ermuntern</intencion>
	</record>
	<record>
	<usuarioid>0</usuarioid>
	<padre>20</padre>
	<intencion>2.5 Vorschlagen, beantragen</intencion>
	</record>
	<record>
	<usuarioid>0</usuarioid>
	<padre>20</padre>
	<intencion>2.6 Anbieten, werben</intencion>
	</record>
	<record>
	<usuarioid>0</usuarioid>
	<padre>20</padre>
	<intencion>2.7 Empfehlungen aussprechen</intencion>
	</record>
	<record>
	<usuarioid>0</usuarioid>
	<padre>20</padre>
	<intencion>2.8 Anweisungen geben</intencion>
	</record>
	<record>
	<usuarioid>0</usuarioid>
	<padre>0</padre>
	<intencion>3. GEFALLEN, WÜNSCHE UND GEFÜHLE AUSDRÜCKEN</intencion>
	</record>
	<record>
	<usuarioid>0</usuarioid>
	<padre>0</padre>
	<intencion>13. VERMUTUNGEN ANSTELLEN</intencion>
	</record>
	<record>
	<usuarioid>0</usuarioid>
	<padre>3</padre>
	<intencion>1.1.1 Persönlich</intencion>
	</record>
	<record>
	<usuarioid>0</usuarioid>
	<padre>3</padre>
	<intencion>1.1.2 Unpersönlich</intencion>
	</record>
	<record>
	<usuarioid>0</usuarioid>
	<padre>4</padre>
	<intencion>1.2.1 Persönlich</intencion>
	</record>
	<record>
	<usuarioid>0</usuarioid>
	<padre>4</padre>
	<intencion>1.2.2 Unpersönlich</intencion>
	</record>
	<record>
	<usuarioid>0</usuarioid>
	<padre>2</padre>
	<intencion>1.3 Zwischenmenschlicher Umgang</intencion>
	</record>
	<record>
	<usuarioid>0</usuarioid>
	<padre>35</padre>
	<intencion>1.3.1 Sich und andere vorstellen</intencion>
	</record>
	<record>
	<usuarioid>0</usuarioid>
	<padre>35</padre>
	<intencion>1.3.2 Grü?en</intencion>
	</record>
	<record>
	<usuarioid>0</usuarioid>
	<padre>35</padre>
	<intencion>1.3.3 Sich bedanken</intencion>
	</record>
	<record>
	<usuarioid>0</usuarioid>
	<padre>35</padre>
	<intencion>1.3.4 Beglückwünschen</intencion>
	</record>
	<record>
	<usuarioid>0</usuarioid>
	<padre>35</padre>
	<intencion>1.3.5 Sich entschuldigen</intencion>
	</record>
	<record>
	<usuarioid>0</usuarioid>
	<padre>35</padre>
	<intencion>1.3.6 Jemandem etwas wünschen</intencion>
	</record>
	<record>
	<usuarioid>0</usuarioid>
	<padre>35</padre>
	<intencion>1.3.7 Interesse bekunden</intencion>
	</record>
	<record>
	<usuarioid>0</usuarioid>
	<padre>35</padre>
	<intencion>1.3.8 Mitgefühl ausdrücken</intencion>
	</record>
	<record>
	<usuarioid>0</usuarioid>
	<padre>35</padre>
	<intencion>1.3.9 Zweifel äu?ern</intencion>
	</record>
	<record>
	<usuarioid>0</usuarioid>
	<padre>29</padre>
	<intencion>3.1 Gefallen und Vorlieben</intencion>
	</record>
	<record>
	<usuarioid>0</usuarioid>
	<padre>29</padre>
	<intencion>3.2 Wünsche und Sehnsüchte</intencion>
	</record>
	<record>
	<usuarioid>0</usuarioid>
	<padre>29</padre>
	<intencion>3.3 Gefühle</intencion>
	</record>
	<record>
	<usuarioid>0</usuarioid>
	<padre>47</padre>
	<intencion>3.3.1 Resignation</intencion>
	</record>
	<record>
	<usuarioid>0</usuarioid>
	<padre>47</padre>
	<intencion>3.3.2 Überraschung</intencion>
	</record>
	<record>
	<usuarioid>0</usuarioid>
	<padre>47</padre>
	<intencion>3.3.3 Besorgnis</intencion>
	</record>
	<record>
	<usuarioid>0</usuarioid>
	<padre>47</padre>
	<intencion>3.3.4 Ärger</intencion>
	</record>
	<record>
	<usuarioid>0</usuarioid>
	<padre>47</padre>
	<intencion>3.3.5 Freude</intencion>
	</record>
	<record>
	<usuarioid>0</usuarioid>
	<padre>0</padre>
	<intencion>8. EINVERSTÄNDNIS UND ABLEHNUNG</intencion>
	</record>
	<record>
	<usuarioid>0</usuarioid>
	<padre>0</padre>
	<intencion>11. BEGRENZEN (RESTRIKTION)</intencion>
	</record>
	<record>
	<usuarioid>0</usuarioid>
	<padre>0</padre>
	<intencion>12. HINZUFÜGEN, AUFZÄHLEN</intencion>
	</record>
	<record>
	<usuarioid>0</usuarioid>
	<padre>0</padre>
	<intencion>14. BEZUGNAHME, VERWEIS</intencion>
	</record>
	<record>
	<usuarioid>0</usuarioid>
	<padre>0</padre>
	<intencion>15. ZEIT AUSDRÜCKEN</intencion>
	</record>
	<record>
	<usuarioid>0</usuarioid>
	<padre>57</padre>
	<intencion>15.1 Vorzeitigkeit</intencion>
	</record>
	<record>
	<usuarioid>0</usuarioid>
	<padre>57</padre>
	<intencion>15.2 Nachzeitigkeit</intencion>
	</record>
	<record>
	<usuarioid>0</usuarioid>
	<padre>57</padre>
	<intencion>15.3 Gleichzeitigkeit</intencion>
	</record>
	<record>
	<usuarioid>0</usuarioid>
	<padre>57</padre>
	<intencion>15.4 Dauer</intencion>
	</record>
	<record>
	<usuarioid>0</usuarioid>
	<padre>57</padre>
	<intencion>15.5 Wiederholung</intencion>
	</record>
	<record>
	<usuarioid>0</usuarioid>
	<padre>0</padre>
	<intencion>16. NOTWENDIGKEIT, MÖGLICHKEIT, FÄHIGKEIT</intencion>
	</record>
	<record>
	<usuarioid>0</usuarioid>
	<padre>63</padre>
	<intencion>16.1 Notwendigkeit</intencion>
	</record>
	<record>
	<usuarioid>0</usuarioid>
	<padre>63</padre>
	<intencion>16.2 Möglichkeit</intencion>
	</record>
	<record>
	<usuarioid>0</usuarioid>
	<padre>63</padre>
	<intencion>16.3 Fähigkeit</intencion>
	</record>
	<record>
	<usuarioid>0</usuarioid>
	<padre>0</padre>
	<intencion>17. SACHVERHALTE DARSTELLEN</intencion>
	</record>
</table>
		 
		  
