<?xml version="1.0" encoding="UTF-8" ?>
<table name="vocabulario_tipologias_de">
	<record>
	<usuarioid>0</usuarioid>
	<padre>0</padre>
	<tipo>--</tipo>
	</record>
	<record>
	<usuarioid>0</usuarioid>
	<padre>0</padre>
	<tipo>Werbeanzeige</tipo>
	</record>
	<record>
	<usuarioid>0</usuarioid>
	<padre>0</padre>
	<tipo>Biografie</tipo>
	</record>
	<record>
	<usuarioid>0</usuarioid>
	<padre>0</padre>
	<tipo>Geschäftsbrief</tipo>
	</record>
	<record>
	<usuarioid>0</usuarioid>
	<padre>0</padre>
	<tipo>Speisekarte</tipo>
	</record>
	<record>
	<usuarioid>0</usuarioid>
	<padre>0</padre>
	<tipo>Bewerbung</tipo>
	</record>
	<record>
	<usuarioid>0</usuarioid>
	<padre>0</padre>
	<tipo>Werbebrief</tipo>
	</record>
	<record>
	<usuarioid>0</usuarioid>
	<padre>0</padre>
	<tipo>Leserbrief</tipo>
	</record>
	<record>
	<usuarioid>0</usuarioid>
	<padre>0</padre>
	<tipo>Empfehlungsschreiben</tipo>
	</record>
	<record>
	<usuarioid>0</usuarioid>
	<padre>0</padre>
	<tipo>Menütafel</tipo>
	</record>
	<record>
	<usuarioid>0</usuarioid>
	<padre>0</padre>
	<tipo>Informationsaushang</tipo>
	</record>
	<record>
	<usuarioid>0</usuarioid>
	<padre>0</padre>
	<tipo>Kinoprogramm</tipo>
	</record>
	<record>
	<usuarioid>0</usuarioid>
	<padre>0</padre>
	<tipo>Veranstaltungsprogramm</tipo>
	</record>
	<record>
	<usuarioid>0</usuarioid>
	<padre>0</padre>
	<tipo>Akademische Bescheinigung</tipo>
	</record>
	<record>
	<usuarioid>0</usuarioid>
	<padre>0</padre>
	<tipo>Vortrag</tipo>
	</record>
	<record>
	<usuarioid>0</usuarioid>
	<padre>0</padre>
	<tipo>Arbeitsvertrag</tipo>
	</record>
	<record>
	<usuarioid>0</usuarioid>
	<padre>0</padre>
	<tipo>Gespräch</tipo>
	</record>
	<record>
	<usuarioid>0</usuarioid>
	<padre>0</padre>
	<tipo>Kurrikulum</tipo>
	</record>
	<record>
	<usuarioid>0</usuarioid>
	<padre>0</padre>
	<tipo>Umfrage</tipo>
	</record>
	<record>
	<usuarioid>0</usuarioid>
	<padre>0</padre>
	<tipo>Interview</tipo>
	</record>
	<record>
	<usuarioid>0</usuarioid>
	<padre>0</padre>
	<tipo>Slogan</tipo>
	</record>
	<record>
	<usuarioid>0</usuarioid>
	<padre>0</padre>
	<tipo>Informationsplan</tipo>
	</record>
	<record>
	<usuarioid>0</usuarioid>
	<padre>0</padre>
	<tipo>Statistik</tipo>
	</record>
	<record>
	<usuarioid>0</usuarioid>
	<padre>0</padre>
	<tipo>Rechnung</tipo>
	</record>
	<record>
	<usuarioid>0</usuarioid>
	<padre>0</padre>
	<tipo>Formular</tipo>
	</record>
	<record>
	<usuarioid>0</usuarioid>
	<padre>0</padre>
	<tipo>Reiseprospekt</tipo>
	</record>
	<record>
	<usuarioid>0</usuarioid>
	<padre>0</padre>
	<tipo>Garantie</tipo>
	</record>
	<record>
	<usuarioid>0</usuarioid>
	<padre>0</padre>
	<tipo>Zeitplan</tipo>
	</record>
	<record>
	<usuarioid>0</usuarioid>
	<padre>0</padre>
	<tipo>Produktinformation</tipo>
	</record>
	<record>
	<usuarioid>0</usuarioid>
	<padre>0</padre>
	<tipo>Bericht</tipo>
	</record>
	<record>
	<usuarioid>0</usuarioid>
	<padre>0</padre>
	<tipo>Leistungsbeurteilung</tipo>
	</record>
	<record>
	<usuarioid>0</usuarioid>
	<padre>0</padre>
	<tipo>Landkarte</tipo>
	</record>
	<record>
	<usuarioid>0</usuarioid>
	<padre>0</padre>
	<tipo>Gehaltsabrechnung</tipo>
	</record>
	<record>
	<usuarioid>0</usuarioid>
	<padre>0</padre>
	<tipo>Preisliste</tipo>
	</record>
	<record>
	<usuarioid>0</usuarioid>
	<padre>0</padre>
	<tipo>Immobilienangebote</tipo>
	</record>
	<record>
	<usuarioid>0</usuarioid>
	<padre>0</padre>
	<tipo>Ranking</tipo>
	</record>
	<record>
	<usuarioid>0</usuarioid>
	<padre>0</padre>
	<tipo>Gebrauchsanweisung</tipo>
	</record>
	<record>
	<usuarioid>0</usuarioid>
	<padre>0</padre>
	<tipo>Nacherzählung</tipo>
	</record>
	<record>
	<usuarioid>0</usuarioid>
	<padre>0</padre>
	<tipo>Stellenangebot</tipo>
	</record>
	<record>
	<usuarioid>0</usuarioid>
	<padre>0</padre>
	<tipo>Auftrag</tipo>
	</record>
	<record>
	<usuarioid>0</usuarioid>
	<padre>0</padre>
	<tipo>Gedicht</tipo>
	</record>
	<record>
	<usuarioid>0</usuarioid>
	<padre>0</padre>
	<tipo>Beipackzettel</tipo>
	</record>
	<record>
	<usuarioid>0</usuarioid>
	<padre>0</padre>
	<tipo>PR-Anzeige</tipo>
	</record>
	<record>
	<usuarioid>0</usuarioid>
	<padre>0</padre>
	<tipo>Kochrezept</tipo>
	</record>
	<record>
	<usuarioid>0</usuarioid>
	<padre>0</padre>
	<tipo>Reklamation</tipo>
	</record>
	<record>
	<usuarioid>0</usuarioid>
	<padre>0</padre>
	<tipo>Mahnung</tipo>
	</record>
	<record>
	<usuarioid>0</usuarioid>
	<padre>0</padre>
	<tipo>Vorschrift</tipo>
	</record>
	<record>
	<usuarioid>0</usuarioid>
	<padre>0</padre>
	<tipo>Bericht</tipo>
	</record>
	<record>
	<usuarioid>0</usuarioid>
	<padre>0</padre>
	<tipo>Rezension</tipo>
	</record>
	<record>
	<usuarioid>0</usuarioid>
	<padre>0</padre>
	<tipo>Wissenschaftlicher Text</tipo>
	</record>
	<record>
	<usuarioid>0</usuarioid>
	<padre>0</padre>
	<tipo>Beschreibung</tipo>
	</record>
	<record>
	<usuarioid>0</usuarioid>
	<padre>0</padre>
	<tipo>Zeitungsbericht</tipo>
	</record>
	<record>
	<usuarioid>0</usuarioid>
	<padre>0</padre>
	<tipo>Erzählung</tipo>
	</record>
	<record>
	<usuarioid>0</usuarioid>
	<padre>0</padre>
	<tipo>Bildunterschrift</tipo>
	</record>
	</table>
