<?xml version="1.0" encoding="UTF-8" ?>
<table name="vocabulario_tipologias_es">
	<record>
	<usuarioid>0</usuarioid>
	<padre>0</padre>
	<tipo>--</tipo>
	</record>
	<record>
	<usuarioid>0</usuarioid>
	<padre>0</padre>
	<tipo>Anuncio publicitario</tipo>
	</record>
	<record>
	<usuarioid>0</usuarioid>
	<padre>0</padre>
	<tipo>Biografía</tipo>
	</record>
	<record>
	<usuarioid>0</usuarioid>
	<padre>0</padre>
	<tipo>Carta comercial</tipo>
	</record>
	<record>
	<usuarioid>0</usuarioid>
	<padre>0</padre>
	<tipo>Carta de platos</tipo>
	</record>
	<record>
	<usuarioid>0</usuarioid>
	<padre>0</padre>
	<tipo>Carta de solicitud de trabajo</tipo>
	</record>
	<record>
	<usuarioid>0</usuarioid>
	<padre>0</padre>
	<tipo>Carta publicitaria</tipo>
	</record>
	<record>
	<usuarioid>0</usuarioid>
	<padre>0</padre>
	<tipo>Carta de lector</tipo>
	</record>
	<record>
	<usuarioid>0</usuarioid>
	<padre>0</padre>
	<tipo>Carta de recomendación</tipo>
	</record>
	<record>
	<usuarioid>0</usuarioid>
	<padre>0</padre>
	<tipo>Cartel de menú</tipo>
	</record>
	<record>
	<usuarioid>0</usuarioid>
	<padre>0</padre>
	<tipo>Cartel informativo</tipo>
	</record>
	<record>
	<usuarioid>0</usuarioid>
	<padre>0</padre>
	<tipo>Cartelera de cine</tipo>
	</record>
	<record>
	<usuarioid>0</usuarioid>
	<padre>0</padre>
	<tipo>Cartelera de eventos</tipo>
	</record>
	<record>
	<usuarioid>0</usuarioid>
	<padre>0</padre>
	<tipo>Certificación académica</tipo>
	</record>
	<record>
	<usuarioid>0</usuarioid>
	<padre>0</padre>
	<tipo>Conferencia</tipo>
	</record>
	<record>
	<usuarioid>0</usuarioid>
	<padre>0</padre>
	<tipo>Contrato de trabajo</tipo>
	</record>
	<record>
	<usuarioid>0</usuarioid>
	<padre>0</padre>
	<tipo>Conversación</tipo>
	</record>
	<record>
	<usuarioid>0</usuarioid>
	<padre>0</padre>
	<tipo>Currículum Vitae</tipo>
	</record>
	<record>
	<usuarioid>0</usuarioid>
	<padre>0</padre>
	<tipo>Encuesta</tipo>
	</record>
	<record>
	<usuarioid>0</usuarioid>
	<padre>0</padre>
	<tipo>Entrevista</tipo>
	</record>
	<record>
	<usuarioid>0</usuarioid>
	<padre>0</padre>
	<tipo>Eslogan</tipo>
	</record>
	<record>
	<usuarioid>0</usuarioid>
	<padre>0</padre>
	<tipo>Esquema informativo</tipo>
	</record>
	<record>
	<usuarioid>0</usuarioid>
	<padre>0</padre>
	<tipo>Estadística</tipo>
	</record>
	<record>
	<usuarioid>0</usuarioid>
	<padre>0</padre>
	<tipo>Factura</tipo>
	</record>
	<record>
	<usuarioid>0</usuarioid>
	<padre>0</padre>
	<tipo>Formulario</tipo>
	</record>
	<record>
	<usuarioid>0</usuarioid>
	<padre>0</padre>
	<tipo>Folleto turístico</tipo>
	</record>
	<record>
	<usuarioid>0</usuarioid>
	<padre>0</padre>
	<tipo>Garantía</tipo>
	</record>
	<record>
	<usuarioid>0</usuarioid>
	<padre>0</padre>
	<tipo>Horario</tipo>
	</record>
	<record>
	<usuarioid>0</usuarioid>
	<padre>0</padre>
	<tipo>Información sobre un producto</tipo>
	</record>
	<record>
	<usuarioid>0</usuarioid>
	<padre>0</padre>
	<tipo>Informe</tipo>
	</record>
	<record>
	<usuarioid>0</usuarioid>
	<padre>0</padre>
	<tipo>Informe de evaluación</tipo>
	</record>
	<record>
	<usuarioid>0</usuarioid>
	<padre>0</padre>
	<tipo>Mapa</tipo>
	</record>
	<record>
	<usuarioid>0</usuarioid>
	<padre>0</padre>
	<tipo>Nómina</tipo>
	</record>
	<record>
	<usuarioid>0</usuarioid>
	<padre>0</padre>
	<tipo>Lista de precios</tipo>
	</record>
	<record>
	<usuarioid>0</usuarioid>
	<padre>0</padre>
	<tipo>Listado de ofertas inmobiliarias</tipo>
	</record>
	<record>
	<usuarioid>0</usuarioid>
	<padre>0</padre>
	<tipo>Listado de ranking</tipo>
	</record>
	<record>
	<usuarioid>0</usuarioid>
	<padre>0</padre>
	<tipo>Manual de instrucciones</tipo>
	</record>
	<record>
	<usuarioid>0</usuarioid>
	<padre>0</padre>
	<tipo>Narración</tipo>
	</record>
	<record>
	<usuarioid>0</usuarioid>
	<padre>0</padre>
	<tipo>Oferta de trabajo</tipo>
	</record>
	<record>
	<usuarioid>0</usuarioid>
	<padre>0</padre>
	<tipo>Pedido</tipo>
	</record>
	<record>
	<usuarioid>0</usuarioid>
	<padre>0</padre>
	<tipo>Poema</tipo>
	</record>
	<record>
	<usuarioid>0</usuarioid>
	<padre>0</padre>
	<tipo>Prospecto farmacéutico</tipo>
	</record>
	<record>
	<usuarioid>0</usuarioid>
	<padre>0</padre>
	<tipo>Publireportaje</tipo>
	</record>
	<record>
	<usuarioid>0</usuarioid>
	<padre>0</padre>
	<tipo>Receta de cocina</tipo>
	</record>
	<record>
	<usuarioid>0</usuarioid>
	<padre>0</padre>
	<tipo>Reclamación</tipo>
	</record>
	<record>
	<usuarioid>0</usuarioid>
	<padre>0</padre>
	<tipo>Recoradatorio</tipo>
	</record>
	<record>
	<usuarioid>0</usuarioid>
	<padre>0</padre>
	<tipo>Reglamento</tipo>
	</record>
	<record>
	<usuarioid>0</usuarioid>
	<padre>0</padre>
	<tipo>Reportaje</tipo>
	</record>
	<record>
	<usuarioid>0</usuarioid>
	<padre>0</padre>
	<tipo>Reseña</tipo>
	</record>
	<record>
	<usuarioid>0</usuarioid>
	<padre>0</padre>
	<tipo>Texto científico</tipo>
	</record>
	<record>
	<usuarioid>0</usuarioid>
	<padre>0</padre>
	<tipo>Texto descriptivo</tipo>
	</record>
	<record>
	<usuarioid>0</usuarioid>
	<padre>0</padre>
	<tipo>Texto informativo-periodístico</tipo>
	</record>
	<record>
	<usuarioid>0</usuarioid>
	<padre>0</padre>
	<tipo>Texto narrativo</tipo>
	</record>
	<record>
	<usuarioid>0</usuarioid>
	<padre>0</padre>
	<tipo>Texto pie de imagen</tipo>
	</record>
</table>		
