<?xml version="1.0" encoding="UTF-8" ?>
<table name="vocabulario_tipologias_en">	
	<record>
	<usuarioid>0</usuarioid>
	<padre>0</padre>
	<tipo>--</tipo>
	</record>
	<record>
	<usuarioid>0</usuarioid>
	<padre>0</padre>
	<tipo>Announce</tipo>
	</record>
	<record>
	<usuarioid>0</usuarioid>
	<padre>0</padre>
	<tipo>Biography</tipo>
	</record>
	<record>
	<usuarioid>0</usuarioid>
	<padre>0</padre>
	<tipo>Commercial correspondence</tipo>
	</record>
	<record>
	<usuarioid>0</usuarioid>
	<padre>0</padre>
	<tipo>Menu</tipo>
	</record>
	<record>
	<usuarioid>0</usuarioid>
	<padre>0</padre>
	<tipo>Asking for a job</tipo>
	</record>
	<record>
	<usuarioid>0</usuarioid>
	<padre>0</padre>
	<tipo>Advertising letter</tipo>
	</record>
	<record>
	<usuarioid>0</usuarioid>
	<padre>0</padre>
	<tipo>Reader's letter</tipo>
	</record>
	<record>
	<usuarioid>0</usuarioid>
	<padre>0</padre>
	<tipo>Letter of recommendation</tipo>
	</record>
	<record>
	<usuarioid>0</usuarioid>
	<padre>0</padre>
	<tipo>Menu</tipo>
	</record>
	<record>
	<usuarioid>0</usuarioid>
	<padre>0</padre>
	<tipo>Poster with information</tipo>
	</record>
	<record>
	<usuarioid>0</usuarioid>
	<padre>0</padre>
	<tipo>Cinema schedule</tipo>
	</record>
	<record>
	<usuarioid>0</usuarioid>
	<padre>0</padre>
	<tipo>Events schedule</tipo>
	</record>
	<record>
	<usuarioid>0</usuarioid>
	<padre>0</padre>
	<tipo>Certifications</tipo>
	</record>
	<record>
	<usuarioid>0</usuarioid>
	<padre>0</padre>
	<tipo>Conference</tipo>
	</record>
	<record>
	<usuarioid>0</usuarioid>
	<padre>0</padre>
	<tipo>Contract of employment</tipo>
	</record>
	<record>
	<usuarioid>0</usuarioid>
	<padre>0</padre>
	<tipo>Conversation</tipo>
	</record>
	<record>
	<usuarioid>0</usuarioid>
	<padre>0</padre>
	<tipo>Currículum Vitae</tipo>
	</record>
	<record>
	<usuarioid>0</usuarioid>
	<padre>0</padre>
	<tipo>Enquiry</tipo>
	</record>
	<record>
	<usuarioid>0</usuarioid>
	<padre>0</padre>
	<tipo>Interview</tipo>
	</record>
	<record>
	<usuarioid>0</usuarioid>
	<padre>0</padre>
	<tipo>Slogan</tipo>
	</record>
	<record>
	<usuarioid>0</usuarioid>
	<padre>0</padre>
	<tipo>Informative scheme</tipo>
	</record>
	<record>
	<usuarioid>0</usuarioid>
	<padre>0</padre>
	<tipo>Stadistic</tipo>
	</record>
	<record>
	<usuarioid>0</usuarioid>
	<padre>0</padre>
	<tipo>Invoice</tipo>
	</record>
	<record>
	<usuarioid>0</usuarioid>
	<padre>0</padre>
	<tipo>Formulary</tipo>
	</record>
	<record>
	<usuarioid>0</usuarioid>
	<padre>0</padre>
	<tipo>Touristic leaflet</tipo>
	</record>
	<record>
	<usuarioid>0</usuarioid>
	<padre>0</padre>
	<tipo>Warranty</tipo>
	</record>
	<record>
	<usuarioid>0</usuarioid>
	<padre>0</padre>
	<tipo>Time</tipo>
	</record>
	<record>
	<usuarioid>0</usuarioid>
	<padre>0</padre>
	<tipo>Information about a product</tipo>
	</record>
	<record>
	<usuarioid>0</usuarioid>
	<padre>0</padre>
	<tipo>Report</tipo>
	</record>
	<record>
	<usuarioid>0</usuarioid>
	<padre>0</padre>
	<tipo>Evaluation report</tipo>
	</record>
	<record>
	<usuarioid>0</usuarioid>
	<padre>0</padre>
	<tipo>Map</tipo>
	</record>
	<record>
	<usuarioid>0</usuarioid>
	<padre>0</padre>
	<tipo>Payroll</tipo>
	</record>
	<record>
	<usuarioid>0</usuarioid>
	<padre>0</padre>
	<tipo>Price list</tipo>
	</record>
	<record>
	<usuarioid>0</usuarioid>
	<padre>0</padre>
	<tipo>Offers</tipo>
	</record>
	<record>
	<usuarioid>0</usuarioid>
	<padre>0</padre>
	<tipo>Ranking</tipo>
	</record>
	<record>
	<usuarioid>0</usuarioid>
	<padre>0</padre>
	<tipo>Instructions</tipo>
	</record>
	<record>
	<usuarioid>0</usuarioid>
	<padre>0</padre>
	<tipo>Narration</tipo>
	</record>
	<record>
	<usuarioid>0</usuarioid>
	<padre>0</padre>
	<tipo>Work offers</tipo>
	</record>
	<record>
	<usuarioid>0</usuarioid>
	<padre>0</padre>
	<tipo>Order</tipo>
	</record>
	<record>
	<usuarioid>0</usuarioid>
	<padre>0</padre>
	<tipo>Poem</tipo>
	</record>
	<record>
	<usuarioid>0</usuarioid>
	<padre>0</padre>
	<tipo>Drugs</tipo>
	</record>
	<record>
	<usuarioid>0</usuarioid>
	<padre>0</padre>
	<tipo>Advertorial</tipo>
	</record>
	<record>
	<usuarioid>0</usuarioid>
	<padre>0</padre>
	<tipo>Recipes</tipo>
	</record>
	<record>
	<usuarioid>0</usuarioid>
	<padre>0</padre>
	<tipo>Reclamation</tipo>
	</record>
	<record>
	<usuarioid>0</usuarioid>
	<padre>0</padre>
	<tipo>Reminder</tipo>
	</record>
	<record>
	<usuarioid>0</usuarioid>
	<padre>0</padre>
	<tipo>Rules</tipo>
	</record>
	<record>
	<usuarioid>0</usuarioid>
	<padre>0</padre>
	<tipo>Coverage</tipo>
	</record>
	<record>
	<usuarioid>0</usuarioid>
	<padre>0</padre>
	<tipo>Review</tipo>
	</record>
	<record>
	<usuarioid>0</usuarioid>
	<padre>0</padre>
	<tipo>Scientific text</tipo>
	</record>
	<record>
	<usuarioid>0</usuarioid>
	<padre>0</padre>
	<tipo>Descriptive text</tipo>
	</record>
	<record>
	<usuarioid>0</usuarioid>
	<padre>0</padre>
	<tipo>Informative text</tipo>
	</record>
	<record>
	<usuarioid>0</usuarioid>
	<padre>0</padre>
	<tipo>Narrative text</tipo>
	</record>
	<record>
	<usuarioid>0</usuarioid>
	<padre>0</padre>
	<tipo>Text under a picture</tipo>
	</record>
</table>
