<?xml version="1.0" encoding="UTF-8" ?>
<table name="vocabulario_tipologias_fr">
	<record>
	<usuarioid>0</usuarioid>
	<padre>0</padre>
	<tipo>--</tipo>
	</record>
	<record>
	<usuarioid>0</usuarioid>
	<padre>0</padre>
	<tipo>Message publicitaire</tipo>
	</record>
	<record>
	<usuarioid>0</usuarioid>
	<padre>0</padre>
	<tipo>Biographie</tipo>
	</record>
	<record>
	<usuarioid>0</usuarioid>
	<padre>0</padre>
	<tipo>Lettre commerciale</tipo>
	</record>
	<record>
	<usuarioid>0</usuarioid>
	<padre>0</padre>
	<tipo>Menu d’un restaurant</tipo>
	</record>
	<record>
	<usuarioid>0</usuarioid>
	<padre>0</padre>
	<tipo>Lettre de motivation pour un emploi</tipo>
	</record>
	<record>
	<usuarioid>0</usuarioid>
	<padre>0</padre>
	<tipo>Lettre publicitaire</tipo>
	</record>
	<record>
	<usuarioid>0</usuarioid>
	<padre>0</padre>
	<tipo>Lettre de lecteur</tipo>
	</record>
	<record>
	<usuarioid>0</usuarioid>
	<padre>0</padre>
	<tipo>Lettre de recommandation</tipo>
	</record>
	<record>
	<usuarioid>0</usuarioid>
	<padre>0</padre>
	<tipo>Affiche du menu</tipo>
	</record>
	<record>
	<usuarioid>0</usuarioid>
	<padre>0</padre>
	<tipo>Affiche informatif</tipo>
	</record>
	<record>
	<usuarioid>0</usuarioid>
	<padre>0</padre>
	<tipo>Les films à l’affiche: programmation du cinéma</tipo>
	</record>
	<record>
	<usuarioid>0</usuarioid>
	<padre>0</padre>
	<tipo>Programmation d’événements</tipo>
	</record>
	<record>
	<usuarioid>0</usuarioid>
	<padre>0</padre>
	<tipo>Certification académique</tipo>
	</record>
	<record>
	<usuarioid>0</usuarioid>
	<padre>0</padre>
	<tipo>Conférence</tipo>
	</record>
	<record>
	<usuarioid>0</usuarioid>
	<padre>0</padre>
	<tipo>Contrat de travail</tipo>
	</record>
	<record>
	<usuarioid>0</usuarioid>
	<padre>0</padre>
	<tipo>Conversation</tipo>
	</record>
	<record>
	<usuarioid>0</usuarioid>
	<padre>0</padre>
	<tipo>Curriculum Vitae</tipo>
	</record>
	<record>
	<usuarioid>0</usuarioid>
	<padre>0</padre>
	<tipo>Sondage</tipo>
	</record>
	<record>
	<usuarioid>0</usuarioid>
	<padre>0</padre>
	<tipo>Entretien</tipo>
	</record>
	<record>
	<usuarioid>0</usuarioid>
	<padre>0</padre>
	<tipo>Slogan</tipo>
	</record>
	<record>
	<usuarioid>0</usuarioid>
	<padre>0</padre>
	<tipo>Schéma informatif</tipo>
	</record>
	<record>
	<usuarioid>0</usuarioid>
	<padre>0</padre>
	<tipo>Stadistique</tipo>
	</record>
	<record>
	<usuarioid>0</usuarioid>
	<padre>0</padre>
	<tipo>Facture</tipo>
	</record>
	<record>
	<usuarioid>0</usuarioid>
	<padre>0</padre>
	<tipo>Formulaire</tipo>
	</record>
	<record>
	<usuarioid>0</usuarioid>
	<padre>0</padre>
	<tipo>Brochure touristique</tipo>
	</record>
	<record>
	<usuarioid>0</usuarioid>
	<padre>0</padre>
	<tipo>Garantie</tipo>
	</record>
	<record>
	<usuarioid>0</usuarioid>
	<padre>0</padre>
	<tipo>Emploi du temps</tipo>
	</record>
	<record>
	<usuarioid>0</usuarioid>
	<padre>0</padre>
	<tipo>Information sur un produit</tipo>
	</record>
	<record>
	<usuarioid>0</usuarioid>
	<padre>0</padre>
	<tipo>Rapport</tipo>
	</record>
	<record>
	<usuarioid>0</usuarioid>
	<padre>0</padre>
	<tipo>Rapport d’évaluation</tipo>
	</record>
	<record>
	<usuarioid>0</usuarioid>
	<padre>0</padre>
	<tipo>Carte</tipo>
	</record>
	<record>
	<usuarioid>0</usuarioid>
	<padre>0</padre>
	<tipo>Fiche de paie</tipo>
	</record>
	<record>
	<usuarioid>0</usuarioid>
	<padre>0</padre>
	<tipo>Liste des prix</tipo>
	</record>
	<record>
	<usuarioid>0</usuarioid>
	<padre>0</padre>
	<tipo>Liste des offres immobiliers</tipo>
	</record>
	<record>
	<usuarioid>0</usuarioid>
	<padre>0</padre>
	<tipo>Liste de classement</tipo>
	</record>
	<record>
	<usuarioid>0</usuarioid>
	<padre>0</padre>
	<tipo>Manuel d’utilisation</tipo>
	</record>
	<record>
	<usuarioid>0</usuarioid>
	<padre>0</padre>
	<tipo>Narration</tipo>
	</record>
	<record>
	<usuarioid>0</usuarioid>
	<padre>0</padre>
	<tipo>Offre d’emploi</tipo>
	</record>
	<record>
	<usuarioid>0</usuarioid>
	<padre>0</padre>
	<tipo>Commande</tipo>
	</record>
	<record>
	<usuarioid>0</usuarioid>
	<padre>0</padre>
	<tipo>Poème</tipo>
	</record>
	<record>
	<usuarioid>0</usuarioid>
	<padre>0</padre>
	<tipo>Notice d’un médicament</tipo>
	</record>
	<record>
	<usuarioid>0</usuarioid>
	<padre>0</padre>
	<tipo>Publireportage</tipo>
	</record>
	<record>
	<usuarioid>0</usuarioid>
	<padre>0</padre>
	<tipo>Recette de cuisine</tipo>
	</record>
	<record>
	<usuarioid>0</usuarioid>
	<padre>0</padre>
	<tipo>Reclamations</tipo>
	</record>
	<record>
	<usuarioid>0</usuarioid>
	<padre>0</padre>
	<tipo>Faire-part</tipo>
	</record>
	<record>
	<usuarioid>0</usuarioid>
	<padre>0</padre>
	<tipo>Reglamentation</tipo>
	</record>
	<record>
	<usuarioid>0</usuarioid>
	<padre>0</padre>
	<tipo>Reportage</tipo>
	</record>
	<record>
	<usuarioid>0</usuarioid>
	<padre>0</padre>
	<tipo>Compte rendu</tipo>
	</record>
	<record>
	<usuarioid>0</usuarioid>
	<padre>0</padre>
	<tipo>Texte scientifique</tipo>
	</record>
	<record>
	<usuarioid>0</usuarioid>
	<padre>0</padre>
	<tipo>Texte descriptif</tipo>
	</record>
	<record>
	<usuarioid>0</usuarioid>
	<padre>0</padre>
	<tipo>Texte informatif et journalistique</tipo>
	</record>
	<record>
	<usuarioid>0</usuarioid>
	<padre>0</padre>
	<tipo>Texte narratif</tipo>
	</record>
	<record>
	<usuarioid>0</usuarioid>
	<padre>0</padre>
	<tipo>Note en bas de page</tipo>
	</record>
</table>	
		
