<?xml version="1.0" encoding="UTF-8" ?>
<XMLDB PATH="mod/iletrado/db" VERSION="20101203" COMMENT="XMLDB file for Moodle mod/iletrado"
    xmlns:xsi="http://www.w3.org/2001/XMLSchema-instance"
    xsi:noNamespaceSchemaLocation="../../../lib/xmldb/xmldb.xsd"
>
  <TABLES>
    <TABLE NAME="iletrado" COMMENT="Default comment for iletrado, please edit me">
      <FIELDS>
        <FIELD NAME="id" TYPE="int" LENGTH="10" NOTNULL="true" UNSIGNED="true" SEQUENCE="true" NEXT="course"/>
        <FIELD NAME="course" TYPE="int" LENGTH="10" NOTNULL="true" UNSIGNED="true" SEQUENCE="false" COMMENT="Course iletrado activity belongs to" PREVIOUS="id" NEXT="name"/>
        <FIELD NAME="name" TYPE="char" LENGTH="255" NOTNULL="true" SEQUENCE="false" COMMENT="name field for moodle instances" PREVIOUS="course" NEXT="intro"/>
        <FIELD NAME="intro" TYPE="text" LENGTH="big" NOTNULL="false" SEQUENCE="false" COMMENT="General introduction of the iletrado activity" PREVIOUS="name" NEXT="introformat"/>
        <FIELD NAME="introformat" TYPE="int" LENGTH="4" NOTNULL="true" UNSIGNED="true" DEFAULT="0" SEQUENCE="false" COMMENT="Format of the intro field (MOODLE, HTML, MARKDOWN...)" PREVIOUS="intro" NEXT="gametype"/>        
        <FIELD NAME="gametype" TYPE="char" LENGTH="15" NOTNULL="true" SEQUENCE="false" COMMENT="Type of Game: Classic or Adversario" PREVIOUS="introformat" NEXT="diccionariolang"/>
        <FIELD NAME="diccionariolang" TYPE="char" LENGTH="5" NOTNULL="true" SEQUENCE="false" COMMENT="" PREVIOUS="gametype" NEXT="timecreated"/>
        <FIELD NAME="timecreated" TYPE="int" LENGTH="10" NOTNULL="true" UNSIGNED="true" SEQUENCE="false" PREVIOUS="diccionariolang" NEXT="timemodified"/>
        <FIELD NAME="timemodified" TYPE="int" LENGTH="10" NOTNULL="true" UNSIGNED="true" DEFAULT="0" SEQUENCE="false" PREVIOUS="timecreated"/>
      </FIELDS>
      <KEYS>
        <KEY NAME="primary" TYPE="primary" FIELDS="id"/>
      </KEYS>
      <INDEXES>
        <INDEX NAME="course" UNIQUE="false" FIELDS="course"/>
      </INDEXES>
    </TABLE>
    <TABLE NAME="iletrado_scores" COMMENT="Contiene los datos en el desempeño de una jugada">
     <FIELDS>
        <FIELD NAME="id" TYPE="int" LENGTH="10" NOTNULL="true" UNSIGNED="true" SEQUENCE="true" NEXT="moduleid"/>
        <FIELD NAME="moduleid" TYPE="int" LENGTH="10" NOTNULL="true" UNSIGNED="true" SEQUENCE="false" COMMENT="Module Identifier" PREVIOUS="id" NEXT="userid"/>
        <FIELD NAME="userid" TYPE="int" LENGTH="10" NOTNULL="true" SEQUENCE="false" COMMENT="User Identifier" PREVIOUS="moduleid" NEXT="gametype"/>
        <FIELD NAME="gametype" TYPE="char" LENGTH="15" NOTNULL="false" SEQUENCE="false" COMMENT="Tipo de juego elegido" PREVIOUS="userid" NEXT="score"/>
        <FIELD NAME="score" TYPE="int" LENGTH="4" NOTNULL="true" UNSIGNED="true" DEFAULT="0" SEQUENCE="false" COMMENT="Puntuación del usuario registrado" PREVIOUS="gametype" NEXT="words"/>        
        <FIELD NAME="words" TYPE="text" LENGTH="15" NOTNULL="true" SEQUENCE="false" COMMENT="Palabras validadas conseguidas" PREVIOUS="score" NEXT="diccionariolang"/>
        <FIELD NAME="diccionariolang" TYPE="char" LENGTH="5" NOTNULL="true" SEQUENCE="false" COMMENT="" PREVIOUS="words" NEXT="overview"/>
        <FIELD NAME="overview" TYPE="text" LENGTH="15" NOTNULL="true" SEQUENCE="false" COMMENT="" PREVIOUS="dicionariolang" NEXT="timecreated"/>
        <FIELD NAME="timecreated" TYPE="int" LENGTH="10" NOTNULL="true" UNSIGNED="true" SEQUENCE="false" PREVIOUS="diccionariolang"/>        
      </FIELDS>
      <KEYS>
        <KEY NAME="primary" TYPE="primary" FIELDS="id"/>
      </KEYS>
      <INDEXES>
        <INDEX NAME="moduleid" UNIQUE="false" FIELDS="moduleid"/>
        <INDEX NAME="userid" UNIQUE="false" FIELDS="userid"/>
      </INDEXES>
    </TABLE>
  </TABLES>
</XMLDB>
